:020000040800F2
:100000003864002061020008D54C000871450008E2
:10001000D14C0008151A0008456E000800000000C9
:10002000000000000000000000000000A101000826
:10003000CB1C000800000000FD0100080D5C00085A
:100040007B0200087B0200087B0200087B0200089C
:100050007B0200087B020008CD1C0008031D00087D
:100060007B0200080D1D0008171D00087B02000818
:10007000A11B00087B0200087B0200087B0200082D
:10008000B11B00087B0200087B0200087B0200080D
:10009000791A00087B0200087B020008211D000875
:1000A0007B0200087B0200087B0200087B0200083C
:1000B0007B0200087B0200087B0200087B0200082C
:1000C0007B0200087B0200087B0200087B0200081C
:1000D0007B0200087B020008256E0008356E0008D0
:1000E000D71C00087B0200087B0200087B02000886
:1000F0007B0200087B0200087B0200087B020008EC
:100100007B0200087B0200083D6600087B020008B5
:100110007B0200087B0200084D6600085D6600084F
:100120007B0200087B0200087B0200087B020008BB
:100130007B0200087B0200087B0200087B020008AB
:100140007B020008551B00087B0200087B020008A8
:100150007B0200087B0200087B0200087B0200088B
:100160007B0200087B0200087B0200087B0200087B
:100170007B0200087B0200087B02000800000000F0
:100180007B0200087B020008DFF810D000F0E4FAE0
:1001900000480047718E0008AFF3008038640020EB
:1001A0002C4B19680868B0E8F04F80F30988BFF35A
:1001B0006F8F4FF0000080F311887047000000003F
:1001C00008480068006880F308884FF0000080F35A
:1001D000148862B661B6BFF34F8FBFF36F8F00DF35
:1001E00000BF00BF08ED00E0DFF80C00016841F43B
:1001F00070010160704700BF88ED00E0EFF30980F7
:10020000BFF36F8F134B1A681EF0100F08BF20ED5D
:10021000108A20E9F04F106009B44FF0500080F3CD
:100220001188BFF34F8FBFF36F8F0AF09FF84FF025
:10023000000080F3118809BC19680868B0E8F04F25
:100240001EF0100F08BFB0EC108A80F30988BFF3CE
:100250006F8F7047D8020020EFF3058070470000D1
:100260000648804706480047FEE7FEE7FEE7FEE750
:10027000FEE7FEE7FEE7FEE7FEE7FEE7D95C0008E3
:10028000890100082DE9F05F0546002092469B4653
:1002900088460646814640241BE02846414647469C
:1002A000224600F091F853465A46C01A914110D3A5
:1002B00011461846224600F078F82D1A67EB01081F
:1002C0004F4622460120002100F06FF817EB00098D
:1002D0004E41201EA4F10104DFDC484631462A4687
:1002E0004346BDE8F09F40EA01039B0703D009E0C5
:1002F00008C9121F08C0042AFAD203E011F8013B12
:1003000000F8013B521EF9D27047D2B201E000F86A
:10031000012B491EFBD270470022F6E710B51346A9
:100320000A4604461946FFF7F0FF204610BD30B5D7
:1003300005462A460B4612F8010B13F8014B08B18B
:10034000A042F8D01CB1002802D06D1CF1E728466D
:1003500030BD421C10F8011B0029FBD1801A7047E8
:1003600030B505460020034600E05B1C934205D2F1
:10037000EC5CC85C201A01D1002CF6D130BD30B540
:100380000B46014600202022012409E021FA02F553
:100390009D4205D303FA02F5491B04FA02F52844ED
:1003A000151EA2F10102F1DC30BD202A04DB203A47
:1003B00000FA02F1002070479140C2F1200320FAB8
:1003C00003F3194390407047202A04DB203A21FAB6
:1003D00002F00021704721FA02F3D040C2F120025E
:1003E00091400843194670472DE9FE4F804681EA47
:1003F0000300C00F0C46009021F0004123F000459F
:10040000B8EB0200A94105D24046214690461C4661
:100410000B46024623F00040104347D0270DC7F398
:100420000A00C3F30A510290401A019040286BDA87
:10043000C3F3130040F4801B0098924620B10023C0
:10044000D2EB030A63EB0B0B01985946C0F1400253
:100450005046FFF7AAFF06460D4650465946019AF8
:1004600000F08CF910EB08006141002487EA11527A
:1004700084EAE7731A4340D0009A62B3019A012AD2
:100480004FEA075215DC001B61EB02014FF00042FE
:1004900002EA0752CDE90042001C41F580113246C4
:1004A0002B4600F08CF903B0BDE8F08F40462146A2
:1004B000F9E7001B61EB0201001C41F580130018F5
:1004C0005B412018A2F5001747EB030140EAD57005
:1004D000B6196D4111E06D084FEA360645EAC07560
:1004E0004FEA0752001B61EB0201001C41F580112D
:1004F00049084FEA30000019514132462B4603B0FB
:10050000BDE8F04F00F04CB90098012240000023F4
:10051000D0EB020263EBE073009821464FEAE074EF
:10052000B8EB000061EB0401E9E783F000435BE70F
:1005300081F0004158E72DE9FE4F81EA030404F001
:10054000004421F0004100944FF0000B23F00043E1
:1005500050EA01045ED052EA03045BD0C3F30A54AC
:10056000C1F30A552C44A4F2F3340194A0FB0254C5
:10057000C1F3130141F48011C3F3130343F4801357
:1005800001FB024400FB034E840A970A44EA8154AB
:1005900047EA8357A4FB076802958D0A05FB078588
:1005A0004FEA932C04FB0C542705029D4FEA065892
:1005B00047EA1637B5EB08056EEB070C870E920E6F
:1005C00047EA811742EA8312A7FB0201B6EB0B014F
:1005D00064EB00042B0D43EA0C335E1844EB1C5013
:1005E000DA465146E7FB0201C5F313044FEA0B3329
:1005F00043EA14534FEA0432019C43EA0603A4F190
:100600000C040294009CCDE900B400F0D8F803B0CB
:10061000BDE8F08F00200146F9E72DE9F04D81EAB1
:10062000030404F0004B21F0004514464FF0000A8B
:1006300023F0004150EA050220D054EA01021DD007
:10064000C5F30A570246C5F31303C1F31300C1F300
:100650000A5640F4801543F48013A7EB0608101BDC
:10066000D64608F2FD3873EB050002D308F1010805
:1006700001E092185B41B8F1000F03DA0020014657
:10068000BDE8F08D00204FF48011064684460EE050
:10069000171B73EB050705D3121B63EB050306431A
:1006A0004CEA010C49084FEA300092185B4150EACD
:1006B0000107EDD152EA030012D082EA040083EA76
:1006C0000501084305D0101BAB4106D201220023CF
:1006D00006E000224FF0004302E06FF001025310E9
:1006E0001AEB06004CEB085110EB0A0041EB0B0132
:1006F000BDE8F04D00F054B8C1F30A52C1F3130144
:1007000040F2FF3341F480119A4202DA00200146A0
:10071000704740F233439A42A2F2334202DC524223
:10072000FFF752BEFFF741BE30B5041E71F1000461
:1007300004DB4FF00044404264EB0101141E73F1EE
:10074000000405DB1C464FF00043524263EB0403F8
:10075000994208BF904230BD064C074D06E0E06864
:1007600040F0010394E8070098471034AC42F6D3F8
:10077000FFF70EFD64BE000884BE0008202A06DBD9
:10078000CB17203A41FA02F043EAE07306E041FA5F
:1007900002F3D040C2F1200291400843194670474D
:1007A00010B5141E73F1000408DA401C41F1000179
:1007B00092185B411A4301D120F0010010BD2DE9D0
:1007C000F04D92469B4611B1B1FA81F202E0B0FAC7
:1007D00080F220329046FFF7E8FD04460F4640EADB
:1007E0000A0041EA0B0153465A46084313D011460A
:1007F00053EA010019D0C8F140025046FFF7E4FD6A
:1008000005460E46504659464246FFF7CEFD084380
:1008100005D0012004E020463946BDE8F08D0020D7
:10082000054346EAE0762C4337430A986305E40A19
:10083000A0EB08000022FD0A44EA47540A3002D522
:1008400000200146E9E7010510196941DDE9084585
:1008500000196941BDE8F04DA2E770B58C1810F899
:10086000015B15F0070301D110F8013B2A1106D1F5
:1008700010F8012B03E010F8016B01F8016B5B1E0F
:10088000F9D12B0705D40023521E0DD401F8013BEA
:10089000FAE710F8013BCB1A921C03E013F8015B56
:1008A00001F8015B521EF9D5A142D8D3002070BDDA
:1008B0001FB500240E4A00210E4808F0C1FB0E4966
:1008C00008600846006880B901242D200BA110A201
:1008D000CDE90002174B09A2CDE9021016A10120B3
:1008E00007F0CAFB204604B010BD2046FBE700001D
:1008F00050B5000851130008400100202E2E5C4125
:1009000050505C6170705F696E69742E6300000006
:100910004661696C656420746F20637265617465FB
:10092000207461736B2061742025732061742564C9
:100930000D0A0000FBB500084E4F5F544147000010
:10094000F0B585B007463E4600246D480078002883
:100950005FD100BF26E0411C00EBC00202EB001299
:10096000684B03F82210002100EBC00202EB0012DA
:1009700003EB820282F82810634901EBC001496849
:1009800000EBC00202EB001203EB8202D1635E496E
:1009900051F8301000EBC00202EB001203EB8202B0
:1009A0009163401C0A28D6DB584804F0C3FC044677
:1009B0006CB1A12056A15CA2CDE90002634B54A208
:1009C000CDE9021062A1012007F056FB7EE0002570
:1009D0001AE005EBC50000EB05104A4A02EB800166
:1009E0004A4804F063FE04466CB1A92048A15AA20B
:1009F000CDE90310554B8DE8250045A254A10120F7
:100A000007F03AFB62E06D1C0A2DE2DB01203C4955
:100A100008705A4800683D49C1F8AC005848006861
:100A2000C1F8B0005749394804F0C6FE044674B115
:100A3000B72037A154A2CDE90002444B34A2CDE93E
:100A4000021043A1012007F017FB05B0F0BDB078FC
:100A500056A1DE223D4BCDE9002102902CA23CA103
:100A6000012007F009FB4FF47A7008F093FA5A4816
:100A700031680160716841605849304609F00AF9EF
:100A8000044684B1E82022A155A2CDE900022F4BF3
:100A90001FA2CDE902102EA1012007F0EDFA042CCF
:100AA00000D109E012E04D480068574908604B4901
:100AB000554806F0FBFA00BF30480168534800680B
:100AC00001F059F9002009F03BFB00BF4249122018
:100AD00001F00CF848B14EA0FC211C4B0CA2CDE952
:100AE00000101BA1042007F0C7FA244801684748FA
:100AF000006801F040F9002009F022FB00BFA4E7E4
:100B00007C010020C8070020B8B7000810070020AB
:100B10002E2E5C4150505C6170705F73795F6D6F19
:100B2000746F722E6300000052656769737465729A
:100B30005F496E6974204661696C65642061742048
:100B40002573206C696E65202564000008B80008D4
:100B50004E4F5F5441470000526567697374657278
:100B6000204661696C6564205B25645D20617420AA
:100B70002573206C696E65202564000088010020C3
:100B8000440100203002002068616E646C65725F71
:100B9000696E7374204661696C65642061742025F8
:100BA00073206C696E652025640000005356303454
:100BB0004D5F6368616E67655F6368616E6E656CEB
:100BC000207375636365737366756C206174205B55
:100BD00025645D20000000007D010020D00600207B
:100BE00073795F616E616C797A655F6461746120AD
:100BF0004661696C6564206174202573206C696EA0
:100C000065202564000000007801002070010020AC
:100C100043414E31205472616E73696D6974206670
:100C200061696C65640D0A002DE9FF478146D9F8BA
:100C3000004009F104060025B078717840EA0127E8
:100C4000062F6FD1B079717940EA012ACAEB0A10F8
:100C50004FEA00188BE02069012102692046904785
:100C60000546002D13D040F2A310B5A1BAA2CDE9DC
:100C70000002C14BB2A2CDE90210C0A1012007F0D1
:100C8000FBF98620BF4948700220887042E1142099
:100C900008F080F941F27070804500DD00E04046C8
:100CA00081B2206942682046904705469DB140F2D6
:100CB000BB10A3A1A8A2CDE90002AF4BA0A2CDE931
:100CC0000210AEA1012007F0D7F98620AD49487087
:100CD000022088701EE142F6E06008F05BF92069AE
:100CE000022102692046904705469DB140F2C71097
:100CF00093A199A2CDE900029F4B91A2CDE90210E8
:100D00009EA1012007F0B8F986209E494870022074
:100D10008870FFE0142008F03DF941F270708045C2
:100D200001DD01E028E0404681B22069826820466A
:100D3000904705469DB14FF4EF7081A186A2CDE9A1
:100D400000028D4B7EA2CDE902108CA1012007F09C
:100D500093F986208B49487002208870DAE041F2CE
:100D6000707008F017F9A8F58058A8F5EE68B8F18A
:100D7000000F3FF770AFCCE0052F7BD1B0797179D0
:100D800040EA012A2069022102692046904705466F
:100D90009DB140F2F1106AA16FA2CDE90002764B3D
:100DA00067A2CDE9021075A1012007F065F9862040
:100DB0007449487002208870ACE0142008F0EAF80A
:100DC000206941F2707142682046904705469DB106
:100DD00040F206205AA160A2CDE90002664B58A25B
:100DE000CDE9021065A1012007F046F9862065498A
:100DF0004870022088708DE042F6E06008F0CAF882
:100E00002069012102692046904705469DB140F2C4
:100E100013204BA150A2CDE90002574B48A2CDE9C7
:100E2000021056A1012007F027F986205549487085
:100E3000022088706EE0142008F0ACF8206941F2BE
:100E400070718268204690470546A5B140F22B207C
:100E50003BA141A2CDE90002474B39A2CDE90210E6
:100E600046A1012007F008F9862046494870022073
:100E700088704FE004E041F2707008F08BF848E0B1
:100E8000012F15D12069C168204688470546002DED
:100E90003FD04FF40E702AA12FA2CDE90002364BAD
:100EA00027A2CDE9021035A1012007F0E5F830E0D6
:100EB000022F2ED120690121026920469047054664
:100EC0009DB140F242201EA123A2CDE900022A4B8F
:100ED0001BA2CDE9021029A1012007F0CDF8862040
:100EE000284948700220887014E020690168204673
:100EF000884705466DB140F2562011A116A2CDE9F2
:100F000000021D4B0EA2CDE902101CA1012007F02A
:100F1000B3F800BF1B49122000F0E8FD50B11AA041
:100F200040F25E21144B06A2CDE9001013A104206B
:100F300007F0A2F80020606309F002F9BDE8FF871E
:100F40002E2E5C4150505C6170705F73795F6D6FE5
:100F5000746F722E63000000617370697261746552
:100F6000204661696C6564206174202573206C697A
:100F70006E6520256400000019B800084E4F5F54CC
:100F8000414700007D01002043414E3120547261F1
:100F90006E73696D6974206661696C65640D0A0021
:100FA00070B588B004460D46002007900A26182127
:100FB00001A8FFF7B1F911200190002003900490DF
:100FC000059507E00D4801F055F900B106E06420F1
:100FD00007F0E0FF301EA6F10106F3D100BF0EB905
:100FE00008B070BD08F026FF07AB224601A90348F0
:100FF00000F016FF08F048FF00BFF1E7940300205F
:101000002DE9FF478046D8F8004008F10409002682
:101010000025AA46012709E007F10E01C8B200F039
:10102000EBFC012801D0FDB202E07F1C042FF3DBB2
:1010300000BF002D44D100212046226E9047064675
:1010400006B118E14FF47A7007F0A4FF00212046A2
:10105000626E9047064606B10DE199F8015055B908
:1010600088A0CD218C4B8DA2CDE9001090A101204C
:1010700007F002F8FFE000212046E26D90470646A7
:1010800006B1F8E04FF0000A4FF47A7007F082FFE3
:10109000012D01D188A000E089A08BA1D9227E4B2F
:1010A000CDE9002102907DA281A1012006F0E4FF9C
:1010B00000212046626E90470646002E70D0DAE08E
:1010C00099F8010020B1012843D0022840D1B2E0B4
:1010D000012D0ED14FF47A7007F05CFF7FA0F7214D
:1010E0006D4B6EA2CDE9001071A1012006F0C4FF86
:1010F0002EE000212046226E9047064606B1BAE057
:101100004FF47A7007F046FF40F2031063A17CA20F
:10111000CDE90002604B61A2CDE9021064A101207B
:1011200006F0AAFF00212046626E9047064606B1EF
:10113000A1E04FF47A7007F02DFF68A040F219117A
:10114000554B56A2CDE9001059A1012006F094FF9D
:101150008FE0012D31D100212046E26D90470646F7
:1011600006B188E04FF47A7007F014FF4FF49470E2
:101170004AA163A2CDE90002474B48A2CDE9021083
:101180004BA1012006F078FF00212046626E9047B7
:10119000064606B16FE04FF47A7007F0FBFE00E000
:1011A00068E061A04FF49F713B4B3CA2CDE9001079
:1011B0003FA1012006F060FF3CE0022D0FD14FF46B
:1011C0007A7007F0E7FE58A040F24511324B33A287
:1011D000CDE9001036A1012006F04EFF4BE0032DB3
:1011E00028D100212046226E90474FF47A7007F0F4
:1011F000D1FE4FF4A77029A141A2CDE90002264BF0
:1012000026A2CDE902102AA1012006F035FF002117
:101210002046626E90474FF47A7007F0BBFE42A002
:101220004FF4B0711C4B1DA2CDE9001020A101208C
:1012300006F022FF00BF012D01D0022D19D100219F
:101240002046E26D90474FF47A7007F0A3FE40F21B
:10125000691012A12AA2CDE900020F4B0FA2CDE91D
:10126000021013A1012006F007FF00212046626E44
:10127000904700BF00BF0020606308F061FFBDE839
:10128000FF8700005443534D2020696E2074686529
:10129000206C6566740D0A00E5B500082E2E5C41D1
:1012A00050505C6170705F7463736D2E630000005A
:1012B0004E4F5F54414700006D6964646C650000E7
:1012C00072696768740000005443534D2020696EB2
:1012D000207468652025730D0A0000005443534DA7
:1012E0005F447269766572312072656365697665FF
:1012F000206C65667420706F736974696F6E00008E
:1013000070665F5443534D5F4241434B57415244D3
:101310002078206C656674206174202573206C69C8
:101320006E652025640000005443534D5F4472698C
:10133000766572312072656365697665204D494432
:10134000444C4520706F736974696F6E0000000033
:1013500088B000240020069007908C488C490860D3
:1013600000220821052009F017F98A49086008467B
:10137000006858B988A05A218D4B8EA2CDE9001083
:1013800093A1042006F078FE00BFFEE703F0E2FC24
:10139000914908600420914B914A924900908E48EF
:1013A000006800F000FD58B98FA06821804B81A231
:1013B000CDE9001086A1042006F05EFE00BFFEE726
:1013C0000220904B904A914900908348006800F0B9
:1013D000EAFC58B98EA07621754B76A2CDE90010B3
:1013E0007BA1042006F048FE00BFFEE70520914BDC
:1013F000914A924900907848006800F0D4FC58B9AE
:101400008FA084216A4B6BA2CDE9001070A104204B
:1014100006F032FE00BFFEE70320934B934A944947
:1014200000906D48006800F0BEFC58B991A0922170
:101430005F4B60A2CDE9001065A1042006F01CFE00
:1014400000BFFEE700BF00BF00BF4FF0FF3206A99C
:101450005048006809F0DCFA0546012D7ED14C4861
:1014600004A9026806A890479DF8180005287CD2B8
:10147000DFE800F0031A3148600006AA012156484F
:10148000006800F056FC04466CB1DE2049A182A23F
:10149000CDE90002464B47A2CDE902104CA1042041
:1014A00006F0EAFDCFE76FE006AA02214A4800688D
:1014B00000F03FFC04466CB1EB203EA176A2CDE9E2
:1014C00000023B4B3BA2CDE9021041A1042006F0F3
:1014D000D3FDB8E758E006AA03213F48006800F0B2
:1014E00028FC04466CB1F82032A16BA2CDE90002C1
:1014F0002F4B30A2CDE9021035A1042006F0BCFD2F
:10150000A1E741E006AA04213348006800F011FC7D
:10151000044674B140F2051026A15FA2CDE9000295
:10152000234B24A2CDE9021029A1042006F0A4FD3A
:1015300089E729E006AA05212748006800F0F9FBA1
:1015400004468CB140F213101AA153A2CDE9000257
:10155000174B18A2CDE902101DA101E015E004E02F
:10156000042006F089FD6EE70EE04FF48E7011A1A5
:1015700050A2CDE900020E4B0EA2CDE9021014A13B
:10158000042006F079FD00BF00BF5CE72D9D000838
:101590004C01002044010020E5889BE5BBBAE99896
:1015A0009FE58897E5A4B1E8B4A50D0A0000000006
:1015B00074B500082E2E5C4150505C6170705F74F1
:1015C00061736B5F636F6E74726F6C2E63000000EB
:1015D0004E4F5F54414700007001002088B500085D
:1015E0000D1800087401002063726561742045764F
:1015F000656E74205443534D206661696C65640DBB
:101600000A00000034B80008D11600088C01002040
:101610006372656174204576656E74204150505F39
:10162000646F6F725461736B206661696C65640DE1
:101630000A0000002CB600084109000888010020BB
:101640006372656174204576656E74204150505F09
:1016500053595F4D4F544F525461736B206661690B
:101660006C65640D0A00000078B8000835170008A2
:10167000900100206372656174204576656E742068
:101680004150505F70726F62655461736B20666188
:10169000696C65640D0A00005461736B2053656EBC
:1016A00064206572726F72206174202573206174EA
:1016B000202564005461736B204964204572726F69
:1016C000722061742025732061742025640000005D
:1016D00070B505462C462078012807D0002002E08E
:1016E000FE212154401C0828FADB14E0607810B178
:1016F000012806D102E005F02FFE0AE005F05AFEAF
:1017000007E0002002E0FE212154401C0828FADBFB
:1017100001E000BF00BF054801680548006800F00F
:101720002AFB002008F00CFD70BD00008C01002099
:10173000700100207CB5044625462878022804D094
:10174000002000E028E00828FCDB687810B10128C0
:101750001AD10CE005F05AFE14A041211A4B1BA22D
:10176000CDE900101EA1042006F086FC12E005F071
:101770007DFE1DA04621144B14A2CDE9001018A136
:10178000042006F079FC05E0002000E004E00828D1
:10179000FCDB00BF00BF00BF1A4801681A480068A0
:1017A00000F0E9FA002008F0CBFC7CBD70726F629B
:1017B0006520636C6F73652073756363657373660F
:1017C000756C6C790D0A00009CB800082E2E5C41E7
:1017D00050505C6170705F70726F62652E630000C4
:1017E0004E4F5F544147000070726F6265206F700A
:1017F000656E207375636365737366756C6C790DC4
:101800000A00000090010020700100202DE9FF4136
:101810000646374600244D480078002873D100BFA3
:1018200023E000F1C101C0EB0012494B03EBC202FF
:101830005170484951F83010C0EB001203EBC2025E
:10184000D163444901EBC0014968C0EB001203EBCE
:10185000C2021164C0EB00111A4602EBC101C0EBD9
:10186000001203EBC2029163401C0128D9DB374808
:1018700004F0E0FC04466CB15C2037A13BA2CDE94A
:101880000002444B34A2CDE9021043A1012006F02E
:10189000F3FB50E0002518E0C5EB05102C4A02EBE5
:1018A000C0012A4804F004FE04466CB16A202AA153
:1018B0002EA2CDE90002374B27A2CDE9021036A1B6
:1018C000012006F0D9FB36E06D1C012DE4DB344825
:1018D00000681E49486333480068886332491B48E2
:1018E00004F030FE04466CB17B201BA11FA2CDE9A1
:1018F0000002284B18A2CDE9021027A1012006F012
:10190000BBFB18E0FFE73878032813D139460F48AE
:10191000083005F01DFC044664B189200EA123A205
:10192000CDE900021B4B0CA2CDE902101AA1012047
:1019300006F0A2FB00BF1A4801682648006800F0C4
:101940001AFA002008F0FCFBBDE8FF811806002011
:1019500058060020D0B500082E2E5C4150505C6126
:1019600070705F7463736D2E630000005443534DB9
:101970005F52656769737465725F496E697420466A
:1019800061696C6564206174202573206C696E65E3
:1019900020256400D8B500084E4F5F544147000031
:1019A0007401002044010020D80100205F544353FB
:1019B0004D5F6170705461736B5F43726561742039
:1019C0004552524F52206174202573206C696E6518
:1019D000202564007001002070B504460D46054ABC
:1019E00002EBC4029188034A52F834002A4601F0FF
:1019F00019FB70BD0000002010B50446044A02EB3C
:101A0000C4029188024A52F8340001F0F9FA10BD7C
:101A10008800002000BFFEE770B58AB005460020B0
:101A200001900290009000260021284600F044FB1F
:101A3000C6B2DEB101AB03AA0021284600F050FB7C
:101A400008B10AB070BD00236A4601A908480068C1
:101A500008F060FF0446012C08D1009830B120073F
:101A600004490860BFF34F8FBFF36F8F00BFE8E7F3
:101A70004401002004ED00E010B5024800F015FC20
:101A800010BD000094030020F0B587B005460E4657
:101A9000002006900A2718216846FEF73DFC0095B5
:101AA0000020029003900820049007E00E4800F008
:101AB000E1FB00B106E0642007F06CFA381EA7F1E4
:101AC0000107F3D100BF1FB90124204607B0F0BDC4
:101AD00006AB32466946044800F0A2F910B1012471
:101AE0002046F3E70020F1E794030020F0B587B02B
:101AF00005460E46002006900A2718216846FEF784
:101B00000BFC00950020029003900820049007E051
:101B10000E4800F0AFFB00B106E0642007F03AFA8F
:101B2000381EA7F10107F3D100BF1FB901242046D9
:101B300007B0F0BD06AB32466946044800F070F9C4
:101B400010B101242046F3E70020F1E794030020C0
:101B50007047000010B5024800F0A7FB10BD000060
:101B6000BC03002070B503460C464FF6FF70002101
:101B700012E05D5C684008250AE000F0010626B12D
:101B800040104AF20106704000E040106E1EF5B2AF
:101B9000002DF2D14D1CA9B2A142EADB108070BD2C
:101BA00010B5024800F0DCFE10BD00006405002006
:101BB00010B5024800F0D4FE10BD0000040500205E
:101BC0000146087810381823B0FBF3F20848805C0F
:101BD000C865032A05D908686FF30900001D8865E8
:101BE00003E008686FF309008865886D704700009E
:101BF0000ABA0008014600208A6A8B69CBB932B163
:101C0000012A0DD0022A03D0032A10D10EE000BF12
:101C1000CB6A03F08073B3F1807F00D1012007E02D
:101C2000CB6AB3F1C07F00D1012001E000E000BF2A
:101C300034E08B69B3F5005F1AD132B1012A07D0C5
:101C4000022A03D0032A11D10AE000BF01200EE0CE
:101C5000CB6A03F08073B3F1807F00D1012006E0EE
:101C6000CB6AB3F1C07F00D1012000E000BF15E0D6
:101C700032B1012A05D0022A04D0032A0CD103E094
:101C800000BF00BF012008E0CB6A03F08073B3F10E
:101C9000807F00D1012000E000BF00BF704730B559
:101CA0000468246824F4802405682C600468636058
:101CB0008468402C04D10468A2600468E16003E0F9
:101CC0000468A1600468E26030BD704710B501206F
:101CD00001F08EF810BD10B54FF4806001F088F867
:101CE0004FF4006001F084F84FF4805001F080F868
:101CF0004FF4005001F07CF84FF4804001F078F888
:101D000010BD10B5022001F073F810BD10B5082009
:101D100001F06EF810BD10B5102001F069F810BD8B
:101D200010B54FF4007001F063F810BD72B600BF3B
:101D3000FEE770B504460D46164632462946204653
:101D400002F0CAFF70BD02460B46114602B10BB944
:101D50000020704704E0994201D10020F9E7896929
:101D60000029F8D1114600E0896988690028FBD173
:101D70008B610120EDE710B502460B4611468869DC
:101D800008B9012010BD896909E0486800689842D7
:101D900004D100204C6820600120F3E78969002904
:101DA000F3D10020EEE72DE9F04780460D461646B8
:101DB0001F46DDF820904B463A463146284602F051
:101DC000ADFF044614B90020BDE8F0872146404627
:101DD000FFF7B9FF20B9204606F078FE0020F3E7B0
:101DE0000120F1E711B52DED020B044621466846AE
:101DF00007F02EF81EBD10B5024692F82030012BD8
:101E000001D0022B06D11068406908431468606154
:101E1000002010BD506A40F4802050620120F8E795
:101E2000F0B504460D461E4694F82070206883687D
:101E3000A86800B900E000BF012F01D0022F7DD1BA
:101E400003F0806030B903F0006018B903F08050EF
:101E500000287ED0C3F30161012088403060A8686B
:101E600060B9B5F800C0E86840EA4C5C206800F54D
:101E7000C07000EB0110C0F800C00FE0D5E901C050
:101E800040EACC00D5F80CC040EA0C00D4F800C001
:101E90000CF5C07C0CEB011CCCF80000D5F810C090
:101EA000206800F5C07000EB0110C0F804C0287D68
:101EB00001280ED1206800F5C07000EB01104068C9
:101EC00040F4807C206800F5C07000EB0110C0F881
:101ED00004C0D079000692F806C040EA0C4092F89F
:101EE00005C040EA0C2092F804C040EA0C00D4F887
:101EF00000C00CF5C07C0CEB011CCCF80C00D078B9
:101F0000000692F802C040EA0C4092F801C040EA94
:101F10000C2092F800C040EA0C00D4F800C00CF588
:101F2000C07C0CEB011CCCF80800206800F5C070E8
:101F300000EB0110006840F0010C01E00FE008E048
:101F4000206800F5C07000EB0110C0F800C0002050
:101F5000F0BD606A40F4001060620120F8E7606A3A
:101F600040F4802060620120F2E70000F0B50446F2
:101F70000A4694F82050012D01D0022D7ED142490D
:101F800001F50071086840F001000860086820F45D
:101F90007C5008600868566A40EA06200860107D98
:101FA00000F01F06012000FA06F3C8699843C861D3
:101FB000A1F50071D069C8B9D1F80C029843C1F8F5
:101FC0000C02908880B2968940EA064601F51070AE
:101FD000576940F83760108880B2168940EA064693
:101FE00001F51070576900EBC7004660D069012801
:101FF00019D1D1F80C021843C1F80C02908880B2B4
:10200000168840EA064601F51070576940F83760B7
:10201000908980B2168940EA064601F5107057692A
:1020200000EBC7004660906928B9D1F804029843D4
:10203000C1F8040204E0D1F804021843C1F8040214
:10204000106928B9D1F814029843C1F8140204E0C9
:10205000D1F814021843C1F81402106A012804D1FF
:10206000D1F81C021843C1F81C02D1F8000220F07C
:102070000100C1F800020020F0BDFFE7606A40F4F3
:10208000802060620120F7E70064004010B502463E
:1020900092F82030012B01D0022B06D11068406944
:1020A000884314686061002010BD506A40F48020AD
:1020B00050620120F8E7704710B50246002092F800
:1020C0002030012B01D0022B09D121B91468E4681A
:1020D00004F0030003E01468246904F0030010BD59
:1020E00070B5044694F82050012D01D0022D7DD109
:1020F00051B92068C06800F0030080B9606A40F4FC
:1021000000106062012070BD2068006900F00300CB
:1021100028B9606A40F4001060620120F3E720688B
:1021200000F5D87000EB0110006800F0040090602A
:10213000906840B9206800F5D87000EB0110006885
:10214000400D106007E0206800F5D87000EB01102A
:102150000068C0085060206800F5D87000EB0110DE
:10216000006800F00200D060206800F5D87000EB35
:102170000110406800F00F00082802D30820106109
:1021800008E0206800F5D87000EB0110406800F00E
:102190000F001061206800F5D87000EB0110406856
:1021A00000F47F40000A9061206800F5D87000EBD1
:1021B00001104068000C5061206800F5D87000EBF9
:1021C000011080681870206800F5D87000EB0110CD
:1021D000806800F47F40000A5870206800F5D870CD
:1021E00000EB0110806800F47F0000E03CE0000C90
:1021F0009870206800F5D87000EB01108068000E20
:10220000D870206800F5D87000EB0110C068187114
:10221000206800F5D87000EB0110C06800F47F4022
:10222000000A5871206800F5D87000EB0110C068F2
:1022300000F47F00000C9871206800F5D87000EB66
:102240000110C068000ED87131B92068C06840F034
:1022500020002668F06005E02068006940F020005A
:102260002668306100204EE7606A40F4802060629A
:10227000012048E70146002091F82020012A01D0E2
:10228000022A11D10B689B6803F0806303B1401CE4
:102290000B689B6803F0006303B1401C0B689B68EC
:1022A00003F0805303B1401C70472DE9F05F0446F2
:1022B0000025206846692068D0F804902068876867
:1022C0002068D0F80CA02068D0F810B02068D0F8B2
:1022D000188006F00100002855D007F00100C0B1B9
:1022E00001202168886007F0020018B1204600F044
:1022F000C4FA0EE007F0040010B145F4006508E0F0
:1023000007F0080010B145F4805502E0204600F0C7
:10231000B3FA07F48070C8B14FF480702168886008
:1023200007F4007018B1204600F0A9FA0EE007F497
:10233000806010B145F4005508E007F4006010B16A
:1023400045F4804502E0204600F098FA07F480301A
:10235000C8B14FF480302168886007F4003018B1AC
:10236000204600F08EFA0EE007F4802010B145F40C
:10237000004508E007F4002010B145F4803502E084
:10238000204600F07DFA06F0080038B10AF010008F
:1023900020B145F4007510202168C86006F00400E3
:1023A00040B10AF0080028B108202168C860204622
:1023B00000F00EFA06F0020038B12068C06800F0A4
:1023C000030010B1204600F005FA06F0400038B1D5
:1023D0000BF0100020B145F48065102021680861E1
:1023E00006F0200040B10BF0080028B10820216859
:1023F0000861204600F0FEF906F0100038B12068B0
:10240000006900F0030010B1204600F0F5F906F471
:10241000003040B109F0100028B110202168486058
:10242000204600F0F9F906F4803040B109F00800C8
:1024300028B1082021684860204600F023FA06F4FD
:10244000004088B309F0040078B306F4807020B12E
:1024500008F0010008B145F0010506F4007020B154
:1024600008F0020008B145F0020506F4806020B1D2
:1024700008F0040008B145F0040506F40060A0B1BE
:1024800008F0700088B108F07000402817D006DC12
:1024900010280BD020280CD0302819D10CE050285F
:1024A00010D0602814D110E01DE019E045F00805B7
:1024B0000FE045F010050CE045F0200509E045F07F
:1024C000400506E045F0800503E045F4807500E036
:1024D00000BF00BF2068806920F07000216888611B
:1024E0000420216848602DB1606A2843606220465C
:1024F000FFF7E1FDBDE8F09F70B504460CB901207F
:1025000070BD94F8200010B9204600F0AFF82068A4
:10251000006840F001002168086000F089FD054670
:102520000DE000F085FD401B0A2808D9606A40F4E0
:1025300000306062052084F820000120E0E7206878
:10254000406800F001000028EBD02068006820F00F
:1025500002002168086000F06BFD05460DE000F008
:1025600067FD401B0A2808D9606A40F400306062A9
:10257000052084F820000120C2E72068406800F0B0
:1025800002000028EBD1207E012806D120680068D7
:1025900040F080002168086005E02068006820F0B5
:1025A000800021680860607E012806D120680068EC
:1025B00040F040002168086005E02068006820F0D5
:1025C000400021680860A07E012806D120680068CC
:1025D00040F020002168086005E02068006820F0D5
:1025E000200021680860E07E012806D1206800688C
:1025F00020F010002168086005E02068006840F0C5
:10260000100021680860207F012806D1206800683A
:1026100040F008002168086005E02068006820F0AC
:10262000080021680860607F012806D120680068E2
:1026300040F004002168086005E02068006820F090
:10264000040021680860D4E90201084321690843B5
:10265000616908436168491E08432168C861002018
:102660006062012084F82000002049E710B586B0A0
:102670000446142101A8FDF74FFE4F492068884207
:1026800042D14E480068401C4C490860084600682A
:1026900001280FD100BF002000904948006840F099
:1026A0000070474908600846006800F0007000901C
:1026B00000BF00BF00BF00200090414810380068F4
:1026C00040F001003E49103908600846006800F0FB
:1026D0000100009000BF00BF4FF4C05001900220E5
:1026E000029001200390032004900920059001A985
:1026F000344800F08BFB00220521142000F076FD09
:10270000142000F05FFD54E02F492068884250D12A
:1027100000BF002000902A48006840F080602849EF
:1027200008600846006800F08060009000BF00BFAD
:1027300022480068401C21490860084600680128BA
:102740000FD100BF002000901D48006840F00070CD
:102750001B4908600846006800F00070009000BF48
:1027600000BF00BF0020009015481038006840F0FE
:1027700002001349103908600846006800F00200A2
:10278000009000BF00BF6020019002200290012055
:102790000390032004900920059001A90B4800F044
:1027A00035FB00220521412000F020FD412000F0F2
:1027B00009FD06B010BD0000006400403C0100208F
:1027C000403802400000024000680040000402401F
:1027D0007047000010B504460548A04203D12046CA
:1027E000FFF71AF902E02046FFF7B2F910BD00002A
:1027F000940300207047000010B504460348A0422F
:1028000003D1034803490968884710BDBC03002071
:1028100018060020E0010020704770B5044694F8C7
:102820002000012822D1022084F8200020680068BE
:1028300020F001002168086000F0FAFB05460DE079
:1028400000F0F6FB401B0A2808D9606A40F400300B
:102850006062052084F82000012070BD2068406877
:1028600000F001000028EBD16062F6E7606A40F4F6
:10287000002060620120F0E77047704770477047A2
:1028800070477047704770B50446A56D00F0D0FBE7
:10289000064694F83500022808D08020606500BF05
:1028A000002084F8340000BF012070BD206800685B
:1028B00020F01600216808602068406920F0800040
:1028C00021684861206C08B9A06C28B120680068B4
:1028D00020F00800216808602068006820F00100EE
:1028E0002168086010E000F0A3FB801B05280BD9CD
:1028F00020206065032084F8350000BF002084F8A4
:10290000340000BF0320D0E72068006800F0010019
:102910000028E8D194F85C103F208840A86001208E
:1029200084F8350000BF002084F8340000BF00BFE9
:10293000BBE7014691F83500022803D080204865A6
:1029400001207047052081F835000868006820F0F4
:1029500001000A6810600020F3E70146486D7047E7
:10296000F8B50446002000908C4800684FF41651DA
:10297000B0FBF1F7A56D2E6894F85C100820884034
:10298000304098B12068006800F0040070B1206801
:10299000006820F004002168086094F85C100820AA
:1029A0008840A860606D40F00100606594F85C109C
:1029B00001208840304068B12068406900F0800004
:1029C00040B194F85C1001208840A860606D40F030
:1029D0000200606594F85C1004208840304068B1C3
:1029E0002068006800F0020040B194F85C100420F8
:1029F0008840A860606D40F00400606594F85C1049
:102A000010208840304078B32068006800F008004B
:102A100050B394F85C1010208840A86020680068CB
:102A200000F4802080B12068006800F4002028B9FC
:102A3000206CC8B12046216C884715E0A06C98B185
:102A40002046A16C88470FE02068006800F4807081
:102A500028B92068006820F0080021680860206C10
:102A600010B12046216C884794F85C1020208840E3
:102A70003040002865D02068006800F01000002871
:102A80005FD094F85C1020208840A86094F835004E
:102A9000052828D12068006820F016002168086009
:102AA0002068406920F0800021684861206C08B9E6
:102AB000A06C28B12068006820F008002168086038
:102AC00094F85C103F208840A860012084F835000D
:102AD00000BF002084F8340000BF206D10B12046F4
:102AE000216D8847F8BD2068006800F4802080B11F
:102AF0002068006800F4002028B9606C10B12046FE
:102B0000616C88471DE0E06BD8B12046E16B8847D7
:102B100017E02068006800F4807068B920680068D9
:102B200020F0100021680860012084F8350000BF03
:102B3000002084F8340000BFE06B10B12046E16B48
:102B40008847606D38B3606D00F00100F0B105207A
:102B500084F835002068006820F0010021680860D2
:102B600000BF0098401C0090B84200D905E02068E2
:102B7000006800F001000028F3D100BF012084F8B4
:102B8000350000BF002084F8340000BFE06C10B1B5
:102B90002046E16C884700BFA4E70000D402002073
:102BA0002DE9F0410446002500F042FA074614B929
:102BB0000120BDE8F081606A00B100BF022084F806
:102BC000350000BF002084F8340000BF2068006892
:102BD00020F00100216808600AE000F029FAC01B1B
:102BE000052805D920206065032084F83500E0E73A
:102BF0002068006800F001000028EED12068056818
:102C000021480540D4E901010843E16808432169EE
:102C1000084361690843A1690843E1690843216ADF
:102C200008430543606A042803D1D4E90B01084333
:102C30000543206805602068456925F00705606A3E
:102C40000543606A04280DD1A06A0543E06A48B1D3
:102C50002046FEF7CFFF28B140206065012084F8B0
:102C60003500A6E7206845612046FEF7A9FF064625
:102C700094F85C103F208840B0600020606501201F
:102C800084F83500002094E73F8010F02DE9F047EC
:102C900004460D4616461F464FF00008D4F85890DB
:102CA00000BF94F83400012802D10220BDE8F0876B
:102CB000012084F8340000BF94F83500012825D1A4
:102CC000022084F83500002060653B4632462946E4
:102CD0002046FEF7E4FF94F85C103F208840C9F8D6
:102CE00008002068006840F0160021680860206C29
:102CF00028B12068006840F008002168086020685A
:102D0000006840F001002168086006E000BF002074
:102D100084F8340000BF4FF002084046C6E70000C8
:102D200070B5044600F084F906462546681C10B1CB
:102D300004480078054400BF00F07AF9801BA842DF
:102D4000FAD370BDD002002070B5044604B109B9B1
:102D5000012070BD20680860087800F01F03012082
:102D600000FA03F21D480068104010B101204860CD
:102D700001E0002048601948001D0068104018B1AB
:102D8000486840F00200486000208860C860086819
:102D900000F0007000B3114808300068104008B11E
:102DA000012088600D480C300068104018B1886818
:102DB00040F002008860086800F0C060B0F1C06FA9
:102DC0000AD107489E0850F826509807000F25FAA8
:102DD00000F000F00F00C8600020BAE7003C01409E
:102DE0000838014010B50446204605F095FF10BD97
:102DF00010B5044604480068204020B10248046031
:102E00002046FFF7EFFF10BD143C0140F8B5024625
:102E10000B460025002400200021D6E0012606FAFA
:102E200001F51E6806EA0504AC4274D11E7906F06D
:102E30000306012E04D01E7906F00306022E13D1DC
:102E400090684F000326BE40B0434F00DE68BE408E
:102E500030439060506801268E40B0431E79C6F31F
:102E600000168E40304350601E7906F00306032E94
:102E700009D0D0684F000326BE40B0434F009E6883
:102E8000BE403043D0601E7906F00306022E13D1F7
:102E9000CF0802F1200656F827004E07F70E0F263E
:102EA000BE40B0434F07FF0E1E69BE403043CF08FF
:102EB00002F1200646F8270010684F000326BE40A6
:102EC000B0431E7906F003064F00BE403043106049
:102ED0005E6806F44036002E76D000BF00260096CD
:102EE0003C4E366846F480463A4F3E603E46366871
:102EF00006F48046009600BF00BF374E8F0856F894
:102F000027008E07370F0F26BE40B043334EB24224
:102F100002D1002624E057E0314EB24201D1012611
:102F20001EE0304EB24201D1022619E02E4EB242CE
:102F300001D1032614E02D4EB24201D104260FE048
:102F40002B4EB24201D105260AE02A4EB24201D1EF
:102F5000062605E0284EB24201D1072600E00826E9
:102F60008F073F0FBE4030431B4E8F0846F82700A7
:102F7000224E3068A0435E6806F4801606B12043F6
:102F80001E4E3060361D3068A0435E6806F40016A1
:102F900006B12043194E361D3060184E361F30687A
:102FA000A0435E6806F4003606B12043134E361F78
:102FB0003060361F3068A0435E6806F4803606B184
:102FC00020430E4E083E3060491C1029FFF426AF06
:102FD000F8BD0000443802400838014000000240BB
:102FE0000004024000080240000C024000100240B1
:102FF0000014024000180240001C0240083C01403E
:10300000024613690B400BB1012000E0002070471D
:1030100010B5426921EA020302EA010443EA0443CB
:10302000836110BD0AB1816101E00B0483617047C7
:103030000148006870470000C8020020034800688B
:10304000034909780844014908607047C802002014
:10305000D002002010B50D48006840F400700B4904
:1030600008600846006840F4806008600846006810
:1030700040F480700860032000F0F6F80F2000F0A4
:1030800007F800F05FF8002010BD0000003C02408F
:103090002DE9F04188B004460027B84600BF002063
:1030A00001902348006840F0080021490860084664
:1030B000006800F00800019000BF00BF02A903A84B
:1030C00000F0A8F9069F1FB900F0CCF9054602E010
:1030D00000F0C8F945001748B5FBF0F0A0F1010871
:1030E00015481649086040F2E7311448C160C0F83D
:1030F0000480002101618160816100F0D5FC0646F9
:1031000096B90E4800F046FD06466EB9322000F032
:1031100059F8102C07D200222146322000F066F820
:103120000748046000E00126304608B0BDE8F081A1
:103130004038024040420F00000C0040C40500200F
:10314000CC02002008B500BF0020009011480068A4
:1031500040F480400F4908600846006800F4804051
:10316000009000BF00BF00BF00200090081F006853
:1031700040F08050091F08600846006800F0805049
:10318000009000BF00BF00220F21901E00F02EF81B
:1031900008BD00004438024010B50146084600282A
:1031A0000BDB00F01F0301229A40054B440943F852
:1031B0002420BFF34F8FBFF36F8F00BF10BD0000FF
:1031C00080E100E00146084600280DDB00BF00BF9B
:1031D00000F01F0301229A4043099B0003F1E02302
:1031E000C3F8002100BF00BF00BF70472DE9F05FAA
:1031F00080460D461646002704F080F807463946FB
:103200002A46334601F00700C0F1070ABAF1040F5D
:1032100002D94FF0040A01E0C0F1070AD14600F1DB
:10322000040ABAF1070F02D24FF0000A01E0A0F140
:10323000030AD4464FF0010A0AFA09FAAAF1010A70
:103240000AEA020A0AFA0CFA4FF0010B0BFA0CFB1D
:10325000ABF1010B0BEA030B4AEA0B042146404693
:1032600004F054F8BDE8F09F00BF00F00702064BE1
:1032700019684FF6FF031940044B0B4343EA022140
:10328000014B196000BF70470CED00E00000FA052B
:1032900070B504460D460CB9012070BD5848006851
:1032A00000F00700A84209D255490D700846006891
:1032B00000F00700A84201D00120EEE7207800F0DE
:1032C000020002281DD1207800F00400042805D156
:1032D0004C48006840F4E0504A490860207800F00B
:1032E0000800082805D14748006840F46040454977
:1032F00008604448006820F0F000A1680843414994
:103300000860207800F00100A8B36068012807D1A8
:103310003C4808380068C0F34040B8B90120BCE719
:103320006068022802D06068032807D13548083851
:103330000068C0F3406048B90120AEE73148083862
:103340000068C0F3400008B90120A6E72D480068D6
:1033500020F00300616808432A490860FFF768FE0F
:10336000064609E0FFF764FE801B41F2883188427F
:1033700002D9032091E707E02248006800F00C0022
:103380006168B0EB810FEDD11D48006800F00700C7
:10339000A84209D91A490D700846006800F00700D4
:1033A000A84201D0012078E7207800F0040004282A
:1033B00007D11448006820F4E050E168084311493F
:1033C0000860207800F00800082808D10D4800683F
:1033D00020F46040216940EAC1000A49086000F019
:1033E00061F808490968C1F30311074A515CC840F4
:1033F0000649086006480068FFF74AFE00204CE7CF
:10340000003C02400838024012BA0008D4020020F2
:10341000CC0200200F2202600D4A126802F0030263
:1034200042600B4A126802F0F0028260084A126899
:1034300002F4E052C260064A126802F46042D20806
:103440000261044A126802F007020A607047000035
:1034500008380240003C0240014800687047000004
:10346000D402002000B5FFF7F7FF04490968C1F353
:103470008221034A515CC84000BD00000838024068
:1034800022BA000800B5FFF7E7FF04490968C1F355
:103490004231034A515CC84000BD00000838024078
:1034A00022BA00082DE9F047002400250026A14695
:1034B0002548006800F00C0020B1042805D0082839
:1034C0003AD105E0DFF8849039E0DFF8849036E007
:1034D0001D48001F006800F03F041B48001F0068E3
:1034E00000F4800078B11A481749091F0968C1F330
:1034F0008811A0FB01700146224600233846FCF7E4
:10350000C1FE05460EE011480F49091F0968C1F3C5
:103510008811A0FB01700146224600233846FCF7C3
:10352000B1FE05460848001F0068C0F30140401C7A
:103530004600B5FBF6F902E0DFF8109000BF00BFCF
:103540004846BDE8F0870000083802400024F40037
:1035500000127A00F8B504460CB90120F8BD2078B5
:1035600000F00100002874D0F948006800F00C0059
:1035700004280DD0F648006800F00C00082813D18C
:10358000F348001F006800F48000B0F5800F0BD1F5
:10359000EF4808380068C0F34040002859D0606800
:1035A000002856D10120D9E700BF6068B0F5803F00
:1035B00008D1E7480838006840F48030E449083909
:1035C00008601EE06068B0F5A02F0DD1E048083813
:1035D000006840F48020DE49083908600846006829
:1035E00040F4803008600CE0D9480838006820F4C6
:1035F0008030D749083908600846006820F48020E8
:10360000086000BF606890B1FFF712FD054606E054
:10361000FFF70EFD401B642801D903209EE7CC482C
:1036200008380068C0F340400028F1D011E0FFF7EF
:10363000FFFC054606E0FFF7FBFC401B642801D9B0
:1036400003208BE7C24808380068C0F340400028D8
:10365000F1D1207800F0020002285FD1BC48006858
:1036600000F00C0058B1BA48006800F00C000828BF
:103670001CD1B748001F006800F48000B0B9B448FE
:1036800008380068C0F3400020B1E068012801D08C
:10369000012063E7AE480838006820F0F80021698F
:1036A00040EAC100AA490839086037E0E06800B381
:1036B0000120A8490860FFF7BBFC054606E0FFF7BC
:1036C000B7FC401B022801D9032047E7A04808386F
:1036D0000068C0F340000028F1D09D480838006819
:1036E00020F0F800216940EAC100994908390860D2
:1036F00014E0002097490860FFF79AFC054606E0B1
:10370000FFF796FC401B022801D9032026E79048CA
:1037100008380068C0F340000028F1D1207800F09C
:10372000080008282CD16069A8B101208A490860E6
:10373000FFF77EFC054606E0FFF77AFC401B0228F7
:1037400001D903200AE782486C300068C0F34000CA
:103750000028F1D014E000207F490860FFF768FCE2
:10376000054606E0FFF764FC401B022801D9032050
:10377000F4E677486C300068C0F340000028F1D1CF
:10378000207800F00400042870D1002770483830F9
:10379000006800F0805090B900BF002000906C4895
:1037A0003830006840F08050694938310860084678
:1037B000006800F08050009000BF00BF01276748FC
:1037C000006800F48070B0B96448006840F480700C
:1037D00062490860FFF72CFC054606E0FFF728FC6D
:1037E000401B022801D90320B8E65C48006800F4B9
:1037F00080700028F2D000BFA068012808D154488A
:103800006830006840F001005149683108601DE0EF
:10381000A06805280DD14E486830006840F00400CB
:103820004B49683108600846006840F001000860B4
:103830000CE047486830006820F0010044496831D6
:1038400008600846006820F00400086000BFA06817
:10385000A8B1FFF7EDFB054609E0FFF7E9FB401BC8
:1038600041F28831884202D9032077E626E03848C1
:1038700068300068C0F340000028EED013E0FFF786
:10388000D7FB054608E0FFF7D3FB401B41F2883128
:10389000884201D9032061E62D4868300068C0F3F2
:1038A00040000028EFD1012F07D1294838300068A7
:1038B00020F0805026493831086000BFA0690028F8
:1038C00045D02348006800F00C0008285DD0A069AE
:1038D000022845D100201F490866FFF7A9FB0546CD
:1038E00006E0FFF7A5FB401B022801D9032035E6BF
:1038F000174808380068C0F340600028F1D1D4E9C7
:1039000007010843616A40EA81110122A06AC2EB03
:10391000500041EA00412C20005D41EA00600C4962
:10392000091F086001200B490866FFF781FB054667
:1039300006E0FFF77DFB401B022801D903200DE6BE
:10394000034808380068C0F340600028F1D049E01F
:103950000838024000004742800E47420070004095
:10396000002021490866FFF763FB054606E0FFF7E4
:103970005FFB401B022801D90320EFE51B480068CC
:10398000C0F340600028F2D12CE0A069012800D1EA
:10399000E4E51648001D0668A069012820D006F459
:1039A0008001E06981421BD106F03F01206A81421B
:1039B00016D147F6C0703040616AB0EB811F0FD15D
:1039C00006F440310122A06AC2EB5000B1EB004F77
:1039D00006D106F070612C20005DB1EB006F01D0C4
:1039E0000120BBE50020B9E5000047420038024055
:1039F0007047704730B502460B4600BF92F83C0056
:103A0000012801D1022030BD012082F83C0000BF16
:103A1000022082F83D00106844681068816824F034
:103A200070041868044310684460184D1068A84278
:103A30001BD01068B0F1804F17D0154D1068A84208
:103A400013D0144D1068A8420FD0134D1068A8422F
:103A50000BD0124D1068A84207D0114D1068A84233
:103A600003D0104D1068A84205D121F0800158689C
:103A7000014310688160012082F83D0000BF0020F2
:103A800082F83C0000BF00BFBDE70000000001401D
:103A90000004004000080040000C00400004014009
:103AA000004001400018004010B504460CB9012048
:103AB00010BD94F83D0028B9002084F83C00204651
:103AC00000F026F8022084F83D00211D206802F055
:103AD000CDFD012084F8460000BF84F83E0001219E
:103AE0003F200155402001554120015500BF00BF36
:103AF000012084F84200432001554420015545200F
:103B0000015500BF012084F83D000020D0E70000EF
:103B100038B504461C492068884218D100BF0020EF
:103B200000901A48006840F01000184908600846E4
:103B3000006800F01000009000BF00BF00220621C6
:103B40003620FFF753FB3620FFF73CFB1BE0104904
:103B50002068884217D100BF002000900B48006801
:103B600040F02000094908600846006800F0200085
:103B7000009000BF00BF00220F213720FFF736FB67
:103B80003720FFF71FFB38BD0010004040380240CF
:103B900000140040014691F83D00012801D00120A9
:103BA0007047022081F83D000868C06840F00100BD
:103BB0000B68D8601A4B086898421BD00868B0F1AF
:103BC000804F17D0174B0868984213D0164B0868DF
:103BD00098420FD0154B086898420BD0144B0868D8
:103BE000984207D0134B0868984203D0124B0868DC
:103BF00098420CD10868806800F00702062A0CD0B1
:103C00000868006840F001000B68186005E008686B
:103C1000006840F001000B6818600020C0E7000059
:103C2000000001400004004000080040000C00407B
:103C300000040140004001400018004001460868AF
:103C4000C06820F001000A68D06000BF0868006A00
:103C500041F21112104050B90868006A92101040E9
:103C600028B90868006820F001000A68106000BFE9
:103C7000012081F83D0000207047704770B5044670
:103C80002068C5682068066906F00200022819D17C
:103C900005F00200022815D1401F216808610120AB
:103CA00020772068806900F0030018B12046FFF7F4
:103CB000E4FF05E0204600F097F8204600F095F874
:103CC0000020207706F00400042819D105F0040034
:103CD000042815D1C043216808610220207720689C
:103CE000806900F4407018B12046FFF7C6FF05E078
:103CF000204600F079F8204600F077F80020207781
:103D000006F00800082819D105F00800082815D188
:103D1000C04321680861042020772068C06900F052
:103D2000030018B12046FFF7A8FF05E0204600F089
:103D30005BF8204600F059F80020207706F01000CC
:103D4000102819D105F01000102815D1C0432168A2
:103D50000861082020772068C06900F4407018B11D
:103D60002046FFF78AFF05E0204600F03DF8204698
:103D700000F03BF80020207706F0010048B105F084
:103D8000010030B16FF0010021680861204600F0A9
:103D90002DF806F08000802809D105F080008028E9
:103DA00005D1C043216808612046FFF721FE06F0D7
:103DB0004000402809D105F04000402805D1C0430B
:103DC00021680861204600F02FF806F02000202826
:103DD00009D105F02000202805D1C04321680861E1
:103DE0002046FFF706FE70BD7047704710B50446C9
:103DF0000A492068884201D1FFF720F90849206864
:103E0000884203D1204604F093FF06E0054920686C
:103E1000884202D1204604F0EFFF10BD000C0040A4
:103E2000001000400014004070470146486B704786
:103E3000F8B504460D46164694F8420020282DD1C8
:103E400005B10EB90120F8BD012020630020606398
:103E500032462946204602F003FF0746206B012820
:103E600019D100BF002000902068006800902068F1
:103E70004068009000BF00BF00BF00BF21680C3148
:103E800051E8001F41F0100021680C3141E80002A8
:103E9000002AF3D100E001273846D4E70220D2E718
:103EA00070B504460D460648A04203D1204600F0F6
:103EB000D1FE04E00348A04201D101F0E1F870BD59
:103EC000BC0400207404002010B5044600BF00BFED
:103ED00021680C3151E8001F21F4907021680C31E9
:103EE00041E80002002AF3D100BF00BF00BF2168F3
:103EF000143151E8001F21F001002168143141E81C
:103F00000002002AF3D100BF206B01280ED100BFB0
:103F100000BF21680C3151E8001F21F0100021681A
:103F20000C3141E80002002AF3D100BF206840694B
:103F300000F04000402820D100BF00BF21681431AC
:103F400051E8001F21F040002168143141E80002CF
:103F5000002AF3D100BFE06B78B10020E16B086567
:103F6000E06BFEF790FC40B1E06BFEF7F6FC20281A
:103F700003D110206064032010BD0020E0852020C4
:103F800084F842000020206300BFF5E7704700007E
:103F90002DE9F84F0446206805682068C668206847
:103FA00047694FF00009CA4605F00F09B9F1000F43
:103FB0000AD105F0200038B106F0200020B12046DB
:103FC00002F0BAFCBDE8F88FB9F1000F7CD007F021
:103FD000010018B906F49070002875D005F00100B2
:103FE00030B106F4807018B1606C40F0010060647C
:103FF00005F0040030B107F0010018B1606C40F02A
:104000000200606405F0020030B107F0010018B151
:10401000606C40F00400606405F0080048B106F0F0
:10402000200010B907F0010018B1606C40F00800E2
:104030006064606C002846D005F0200028B106F0CE
:10404000200010B1204602F077FC20684069C0F3E0
:10405000801A606C00F0080010B9BAF1000F2DD082
:10406000204602F010FC2068406900F04000402823
:1040700020D100BF00BF2168143151E8001F21F09A
:1040800040002168143141E80002002AF3D100BF4A
:10409000E06B50B17F48E16B0865E06BFEF749FCCF
:1040A00088B1E06B016D88470DE02046FFF76EFF99
:1040B00009E009E02046FFF769FF04E02046FFF72A
:1040C00065FF002060647DE7206B012878D105F052
:1040D0001000002874D006F010000028FAD000BFAD
:1040E00000200090206800680090206840680090E0
:1040F00000BF00BF2068406900F04000402870D138
:10410000E06B006840681FFA80F8B8F1000F58D0E3
:10411000A08D404555DDA4F82E80E06BC069B0F558
:10412000807F43D000BF00BF21680C3151E8001FE1
:1041300021F4807021680C3141E80002002AF3D19B
:1041400000BF00BF00BF2168143151E8001F21F0FB
:1041500001002168143141E80002002AF3D100BFB8
:1041600000BF00BF2168143151E8001F21F040005A
:104170002168143141E80002002AF3D100BF202059
:1041800084F842000020206300BF00BF21680C318A
:1041900051E8001F21F0100021680C3141E80002B5
:1041A000002AF3D100BFE06BFEF76DFB02206063D5
:1041B000A08DE28D801A81B22046FFF771FE0EE0DD
:1041C00052E0A08D40450AD1E06BC069B0F5807F18
:1041D00005D102206063A18D2046FFF761FEF1E664
:1041E000FFE7A08DE18D401A1FFA80F8E08DD0B373
:1041F000B8F1000F37D000BF00BF21680C3151E883
:10420000001F21F4907021680C3141E80002002A5F
:10421000F3D100BF00BF00BF2168143151E8001F77
:1042200021F001002168143141E80002002AF3D195
:1042300000BF202084F842000020206300BF00BFA0
:1042400021680C3151E8001F21F0100021680C3169
:1042500041E80002002AF3D100BF0220606341461A
:104260002046FFF71DFEADE605F0800030B106F0F8
:10427000800018B1204602F05FFDA3E605F0400083
:1042800030B106F0400018B1204602F032FB99E64A
:1042900000BF97E64D67000810B504460CB9012031
:1042A00010BDA06900B100E000BF94F8410028B93A
:1042B000002084F84000204600F02AF8242084F8EA
:1042C00041002068C06820F400502168C860204682
:1042D00002F0B0FB2068006920F49040216808617A
:1042E0002068406920F02A00216848612068C06881
:1042F00040F400502168C86000206064202084F8E9
:10430000410084F842000020606300BFC8E700005D
:1043100010B586B00446142101A8FBF7FDFF5B49E8
:104320002068884255D100BF00200090584800689E
:1043300040F40030564908600846006800F4003038
:10434000009000BF00BF00BF002000905048103810
:10435000006840F008004E491039086008460068BF
:1043600000F00800009000BF00BF60200190022014
:10437000029000200390032004900720059001A9DB
:104380004448FEF743FD4448444908604FF000604C
:104390004860002141488160C1604FF48061016143
:1043A000002141618161C16101624162FEF7F8FB58
:1043B00008B1FDF7BBFC00BF3848E063846300BF71
:1043C000002205212620FEF711FF2620FEF7FAFE27
:1043D0005AE033492068884256D100BF002000903F
:1043E0002B48006840F4802029490860084600688E
:1043F00000F48020009000BF00BF00BF00200090AC
:1044000023481038006840F0040021491039086042
:104410000846006800F00400009000BF00BF4FF4A1
:10442000406001900220029000200390032004903D
:104430000720059001A91B48FEF7E8FC16486038E4
:10444000194908604FF000604860002116488160FB
:10445000C1604FF480610161002141618161C161EE
:1044600001624162FEF79CFB08B1FDF75FFC00BFF3
:104470000D48E063846300BF002205212720FEF77A
:10448000B5FE2720FEF79EFE06B010BD004400409A
:1044900040380240000C02408860024004050020C1
:1044A0000048004000080240640500207047704743
:1044B0002DE9F84F04460E46174699464FF0000A7C
:1044C00094F84100202850D106B117B90120BDE869
:1044D000F88F00206064212084F84100FEF7A8FDD9
:1044E0008246A784E784A068B0F5805F04D1206984
:1044F00010B90025B04602E035464FF000081EE036
:104500005346002280212046CDF8009002F044FC62
:1045100020B1202084F841000320D8E745B9B8F83D
:104520000000C0F308002168486008F1020803E0B9
:104530002878216848606D1CE08C401EE084E08C87
:104540000028DDD15346002240212046CDF80090BE
:1045500002F022FC20B1202084F841000320B6E7BD
:10456000202084F841000020B1E70220AFE7704727
:1045700000BFFEE710B50E480E4908600C204860E9
:1045800000210C4881604FF00071C1600912016187
:10459000090141610021017641768176C17601777A
:1045A0004177FDF7A9FF08B1FDF7C0FB10BD000082
:1045B000006400409403002010B50E480E490860C6
:1045C0003020486000210C4881604FF00071C160CC
:1045D000091201610901416100210176417681766C
:1045E000C17601774177FDF787FF08B1FDF79EFBA4
:1045F00010BD000000680040BC03002008B500BFEB
:10460000002000900E48006840F400100C4908603B
:104610000846006800F40010009000BF00BF0022B0
:1046200005210C20FEF7E2FD0C20FEF7CBFD002259
:1046300005211020FEF7DAFD1020FEF7C3FD08BDAE
:104640003038024010B5054A0021054804F0F8FC56
:1046500004490860FCF72CF910BD000018B50008EB
:10466000195B00083801002000B587B0142102A8AA
:10467000FBF752FE00BF00200190D848006840F0D0
:104680001000D64908600846006800F0100001904C
:1046900000BF00BF00BF002001900846006840F046
:1046A000040008600846006800F00400019000BFA4
:1046B00000BF00BF002001900846006840F0800065
:1046C00008600846006800F08000019000BF00BF4D
:1046D00000BF002001900846006840F0010008601B
:1046E0000846006800F00100019000BF00BF00BF55
:1046F000002001900846006840F00200086008466B
:10470000006800F00200019000BF00BF00BF002061
:1047100001900846006840F02000086008460068E4
:1047200000F02000019000BF00BF00BF00200190FA
:104730000846006840F0400008600846006800F045
:104740004000019000BF00BF00BF0020019008465C
:10475000006840F0080008600846006800F00800A3
:10476000019000BF00BF00224FF63C419C48FEF77D
:1047700059FC00224FF440619A48FEF753FC002296
:1047800048F280019848FEF74DFC00224FF4F87182
:104790009648FEF747FC00224FF498519448FEF7E4
:1047A00041FC00224FF480719248FEF73BFC04204C
:1047B00002900120039000200490059002A98848EF
:1047C000FEF724FB182002900120039002200490A1
:1047D0000020059002A98248FEF718FB4FF6204002
:1047E00002900120039004900020059002A97C48CB
:1047F000FEF70CFB40200290002003900120049063
:1048000002A97748FEF702FB4EF23000029000202A
:1048100003900120049002A97548FEF7F7FAF820EA
:104820000290002003900120049002A97148FEF735
:10483000EDFA0D200290002003900120049002A9BF
:104840006848FEF7E3FA02200290002003900490EB
:1048500002A96448FEF7DAFA4FF47840029000208B
:1048600003900120049002A96348FEF7CFFA48F2B2
:1048700001000290002003900120049002A95B48EF
:10488000FEF7C4FA4FF440600290012003900490B8
:104890000020059002A95348FEF7B8FA4FF40040F3
:1048A000029001200390022004900020059002A9AC
:1048B0004D48FEF7ABFA4FF4F870029001200390D8
:1048C000022004900020059002A94848FEF79EFAB5
:1048D0004FF44070029001200390022004900020C9
:1048E000059002A94248FEF791FA4FF480700290B9
:1048F00001200390022004900020059002A93D4869
:10490000FEF784FA4FF480500290012003900020BB
:104910000490059002A93648FEF778FA1820029014
:104920004FF4041003900120049002A92E48FEF7D2
:104930006DFA8020029001200390002004900590E1
:1049400002A92948FEF762FA4FF4FC4002904FF4A6
:10495000041003900120049002A92448FEF756FA9F
:10496000032002904FF4041003900120049002A948
:104970001B48FEF74BFA002205210620FEF736FC05
:104980000620FEF71FFC002205210720FEF72EFC63
:104990000720FEF717FC002205210920FEF726FC60
:1049A0000920FEF70FFC002205210A20FEF71EFC5D
:1049B0000A20FEF707FC002205211720FEF716FC4F
:1049C0001720FEF7FFFB002205212820FEF70EFC32
:1049D0002820FEF7F7FB07B000BD0000303802408A
:1049E0000010024000040240000C02400018024087
:1049F0000008024000000240001402401CB50020E4
:104A0000009001900E480F49086042F2CF004860C4
:104A100000210C488160C721C16000218161FFF73E
:104A200043F808B1FDF782F9002000900190694633
:104A30000448FEF7DFFF08B1FDF778F91CBD000060
:104A400000100040E40300201CB5002000900190FD
:104A50000E480F49086042F2CF00486000210C4820
:104A6000816041F28731C16080218161FFF71CF8CC
:104A700008B1FDF75BF900200090019069460448F9
:104A8000FEF7B8FF08B1FDF751F91CBD0014004056
:104A90002C04002010B50B480B4908604FF4165049
:104AA0004860002108488160C16001610C214161BA
:104AB00000218161C161FFF7EFFB08B1FDF736F915
:104AC00010BD0000004400407404002010B50B48E5
:104AD0000B4908604FF41650486000210848816077
:104AE000C16001610C21416100218161C161FFF759
:104AF000D3FB08B1FDF71AF910BD000000480040D3
:104B0000BC040020002008490968C96841F0300150
:104B1000054A1268D16005490968096841F0180121
:104B2000024A126811607047BC040020640500202E
:104B300070B50446002500224FF480510548FEF769
:104B400071FA0A2221460448FFF772F900B10525DF
:104B5000284670BD00080240BC04002070B5044621
:104B60000D460026012211030648FEF75BFA4FF4BA
:104B7000FA73224629460448FFF79AFC00B105263D
:104B8000304670BD00080240BC04002010B500246F
:104B90000348FFF799F900B10524204610BD000035
:104BA000BC04002010B5002402210248FDF723F9BF
:104BB000204610BDBC03002070B504460025002629
:104BC00000210848FDF778FAC6B246B104F118038F
:104BD000224600210348FDF783FA00B10525284647
:104BE00070BD0000BC030020F0B587B004460D4640
:104BF0000027002006900A2618216846FBF78CFB48
:104C000000940020029003900820049007E01048D0
:104C1000FDF730FB00B106E0642004F0BBF9301E64
:104C2000A6F10106F3D100BF1EB90527384607B02B
:104C3000F0BD05F0FFF806AB2A4669460448FDF7CB
:104C4000EFF800B1052705F01FF93846EFE700003F
:104C5000BC0300207CB504462046FFF7E6F8054675
:104C6000022D00D05DBB174800780A2802DA00F058
:104C70009FFA7CBD0020019001262068C06820F0CA
:104C800010002168C860E06B0068006820F0180020
:104C9000E16B0968086001A80B49009009680023CE
:104CA0000322486B314606F0D1F8019830B1300745
:104CB00006490860BFF34F8FBFF36F8F00BF00BF7F
:104CC000D7E70000390200207801002004ED00E061
:104CD00000BFFEE700BFFEE72DE9F04105460E46A6
:104CE0001746AC694FF0000811E0207CB0420DD1AE
:104CF000204602F0B6FC394620462268904761689B
:104D000008606068006808B908F10108A469002C0F
:104D1000EBD108F0FF00BDE8F08100002DE9F04183
:104D200005460E46174698461C2004F0FDF804463A
:104D300014B90020BDE8F081054820606560A660D8
:104D4000E76084F810800020A06164612046F1E7EC
:104D50005176000810B51C2004F0E6F804460CB9A2
:104D6000002010BD0020A0612046FAE72DE9F041A7
:104D700004460D46164600BF0E4F3878532801D022
:104D800002F062F800BFEFF311800746202080F3A5
:104D9000118800BF00BF32462946204600F00CF8BB
:104DA0008046F8B280F3118800BF00BF4046BDE8DE
:104DB000F0810000845400202DE9F0470746884622
:104DC0001646C24607EB47011B4800EBC109D9F85C
:104DD000140020B1012811D0022826D11EE0484637
:104DE00002F06AF80546B54201D2002405E03446D7
:104DF00032465146484602F020FA18E0484602F092
:104E00005BF80546B54201D2284600E0304604462C
:104E100022465146484602F010FA08E03246514612
:104E2000484602F0CFF9044601E0002400BF00BF6D
:104E30002046BDE8F08700009C5400200FB438B530
:104E4000044606A800906A462046059900F008F836
:104E5000054600200090284638BC5DF814FB000091
:104E60002DE9F04F99B083460D46144603A81490DF
:104E70004020159000201690CDF860B0179000BF2C
:104E80002E786D1C06B9E4E0252E79D100274FF06D
:104E9000010900BF2E78232E12D02B2E0CD02D2EE0
:104EA00002D0302E10D103E047F001076D1C0EE058
:104EB00047F002076D1C0AE047F004076D1C06E08E
:104EC00047F008076D1C02E04FF0000900BF00BF6B
:104ED000B9F1000FDED14FF0000800BF2E78302E60
:104EE00001DB392E00DD07E06D1CA6F1300008EB78
:104EF000880100EB4108F1E700BF002013902E78F5
:104F00002E2E12D16D1C00BF2E78302E01DB392ED3
:104F100000DD09E06D1CA6F13000139901EB810161
:104F200000EB41001390EFE700BF2E7800BF6C2E1E
:104F300001D0682E02D16D1C2E7800E000E0F6E76B
:104F400000BF702E62D008DC252E71D0582E35D0CF
:104F5000632E09D0642E70D113E0732E3CD0752ED1
:104F60001DD0782E69D128E02168081D2060D1F875
:104F7000009009F0FF0A514614A802F0C7F85DE05E
:104F80005FE02168081D2060D1F80090CDE900871E
:104F90000A22494614A8139B01F09CFF4EE02168A9
:104FA000081D2060D1F80090CDE900870A2249460B
:104FB00014A8139B02F004F840E000BF2168081D0C
:104FC0002060D1F80090CDE900871022494614A84E
:104FD000139B01F0F5FF31E02168081D2060D1F836
:104FE00000A0BAF1000F01D10FF28C0A00BF9AF8AD
:104FF00000600AF1010A06B906E0314614A802F081
:1050000085F817980028F2DA00BF17E02168081D1C
:105010002060D1F80090002008210B461022CDE935
:105020000010494614A801F0CBFF07E000E004E0BF
:10503000252114A802F06AF800E000BF00BF6D1C33
:1050400003E0314614A802F061F817980028BFF673
:1050500017AF00BF179800280ADD169820B103A9E2
:105060005846169AFFF782FEDDE91610084417909D
:10507000179819B0BDE8F08F284E554C4C29000008
:1050800001200149087070474F02002070B586B0BA
:1050900006460C460025002003900490059007A0CA
:1050A00040F237110D4B0EA2CDE90104009117A17A
:1050B000042002F0E1FF06B070BD000053595F4DBF
:1050C0004F544F522041737069726174652061744E
:1050D000205B25645D204F4B200D0A0040B900087D
:1050E0002E2E5C4253505C73795F6D6F746F725CEF
:1050F0006472697665725C73795F6D6F746F725FED
:105100006472697665722E63000000004E4F5F5432
:105110004147000070B504460D4629462046FBF77E
:105120003FFF002070BD000070B586B006460C46FB
:105130000025002003900490059007A040F277110D
:105140000D4B0EA2CDE90104009117A1042002F03D
:1051500093FF06B070BD000053595F4D4F544F523E
:105160002044697370656E7365206174205B2564EB
:105170005D204F4B200D0A0052B900082E2E5C42D4
:1051800053505C73795F6D6F746F725C6472697693
:1051900065725C73795F6D6F746F725F647269764C
:1051A00065722E63000000004E4F5F5441470000BF
:1051B00001200149087070473A0200200020084988
:1051C0000968C96821F03001054A1268D1600549B3
:1051D0000968096821F01801024A126811607047D5
:1051E000BC040020640500202DE9FC410446002594
:1051F000264600200190012701A8009000230122EB
:105200003946D6F8AC0005F021FE019830B13807D8
:1052100004490860BFF34F8FBFF36F8F2846BDE886
:10522000FC81000004ED00E02DE9F04104460D464C
:105230001646002740F6B83332462946204605F088
:1052400079FF012800D001273846BDE8F08170B50C
:1052500004460D460026002301222946204605F07B
:1052600061FD012800D00126304670BD70B50446AE
:1052700000252646B06C04F0DDFE284670BD2DE901
:10528000F04104460D461646002732462946204680
:1052900005F0BEFB012800D001273846BDE8F081AB
:1052A00070B504460D46002600234FF47A72294655
:1052B000204605F05BFA012800D00126304670BD7B
:1052C00030B585B00546002400200290039004907C
:1052D00005A0FC21094B0AA2CDE9001013A104206E
:1052E00002F0CAFE05B030BD53595F4D4F544F52C6
:1052F000207265736574204F4B0D0A0031B90008A8
:105300002E2E5C4253505C73795F6D6F746F725CCC
:105310006472697665725C73795F6D6F746F725FCA
:105320006472697665722E63000000004E4F5F5410
:1053300041470000014600200CE0A5230A1D02F8A9
:105340003030002302EBC00253800A1D02EBC00282
:105350005360401C1428F0DB002070472DE9F04119
:1053600004460D4616461F464FF000083A463146A1
:10537000284603F065FE20600CB94FF00608404651
:10538000BDE8F08110B50446206804F0D9FE10BDD8
:105390002DE9FF4704460D4616461F46DDE90C9AE7
:1053A0004FF000086A2028A132A2CDE900023D4B4F
:1053B00025A2CDE902103CA1042002F05DFE14B14B
:1053C0000DB1002E10D170201FA139A2CDE900022D
:1053D000344B1DA2CDE9021033A1042002F04CFE93
:1053E000032004B0BDE8F0873E48D0473E48206126
:1053F000A560E6602764C4F84490002084F8280083
:10540000002124200155E16121622069016A2046C2
:1054100088478046B8F1000F04D134480078401C1A
:10542000324908704FF000088C2007A130A2CDE966
:1054300000021C4B04A2CDE902101BA1042002F0C3
:105440001BFE4046CDE700002E2E5C4253505C739D
:10545000795F6D6F746F725C6472697665725C738C
:10546000795F6D6F746F725F6472697665722E63B7
:105470000000000053595F4D4F544F525F647269F2
:105480007665725F496E7374207374617274696EAD
:10549000672E2E2E206174202573206C696E652086
:1054A000256400001CB900084E4F5F5441470000BE
:1054B00053595F4D4F544F525F6472697665725F06
:1054C000496E73743A204E554C4C20706172616D78
:1054D000206174202573206C696E652025640D0A97
:1054E00000000000B5580008F8B800083802002095
:1054F00053595F4D4F544F525F6472697665725FC6
:10550000496E7374204F4B206174202573206C69A1
:105510006E6520256400000070B586B005460E4615
:105520000024002003900490059006A04FF40E7113
:105530000D4B0EA2CDE9001017A1042002F09CFD36
:1055400006B070BD53595F4D4F544F522053595FB1
:105550004D4F544F525F6765745F6368616E6E654F
:105560006C204F4B0D0A000087B900082E2E5C42BC
:1055700053505C73795F6D6F746F725C647269769F
:1055800065725C73795F6D6F746F725F6472697658
:1055900065722E63000000004E4F5F5441470000CB
:1055A00070B588B004460E46002500200590069090
:1055B000079094F82800002810D040F2452024A13C
:1055C0002EA2CDE90002354B21A2CDE9021034A173
:1055D000042002F051FD022008B070BD012084F8C3
:1055E0002800A16848688047002004902E4903C91C
:1055F000CDE9020120788DF808000DF10E02062198
:1056000002A8FCF7AFFA2078A1680A6802A99047BF
:10561000054605B117E0A068C16805A8884705469A
:1056200005B110E0E06804AA012103690020984751
:10563000054605B107E09DF818009DF8171040EAEF
:105640000120306000BF002084F828002846C3E70E
:105650002E2E5C4253505C73795F6D6F746F725C79
:105660006472697665725C73795F6D6F746F725F77
:105670006472697665722E630000000053595F4DB5
:105680004F544F5220627573792061742025732026
:105690006C696E652025640D0A0000009CB9000845
:1056A0004E4F5F5441470000B0B9000830B5024684
:1056B0000123002013E0141D04EBC00464886CB9BE
:1056C000141D04EBC00461600D78141D04F8305003
:1056D000012504EBC0046580002302E0401C14286F
:1056E000E9DB00BF184630BD2DE9FF410446002626
:1056F000182020A12A4ACDE900022A4B1DA2CDE99B
:10570000021029A1042002F0B7FC00252EE0201D84
:1057100000EBC5004088012827D12549A434E06862
:10572000CDE90001636854F8A47906CF271D07EB83
:10573000C5077868FFF72CFE064626B101263046DD
:1057400004B0BDE8F0810221201D00EBC5004180BE
:10575000322008A1174ACDE90002124B05A2CDE97B
:10576000021011A1042002F087FC6D1C142DCEDB69
:105770003046E5E72E2E5C4253505C73795F6D6FC7
:10578000746F725C68616E646C65725C73795F6D76
:105790006F746F725F68616E646C65722E63000077
:1057A00004BD0008DEB900084E4F5F5441470000B9
:1057B000D558000894BD00087FB504460D46002664
:1057C0002078012802D1002004B070BD002C0FD138
:1057D000532028A1324ACDE90002324B25A2CDE95F
:1057E000021031A1042002F047FC03263046EBE70B
:1057F000002D0FD15D201FA1294ACDE90002294BC0
:105800001CA2CDE9021028A1042002F035FC0326D9
:105810003046D9E7286808B1686878B9682015A1CA
:105820001F4ACDE900021F4B12A2CDE902101EA1B2
:10583000042002F021FC03263046C5E7C4F8A4503A
:105840002046FFF751FF064616B101263046BBE75A
:10585000012020707E2007A1154ACDE90002114BDE
:1058600004A2CDE9021010A1042002F005FC30468C
:10587000AAE700002E2E5C4253505C73795F6D6F77
:10588000746F725C68616E646C65725C73795F6D75
:105890006F746F725F68616E646C65722E63000076
:1058A0004CBD0008F4B900084E4F5F54414700005A
:1058B000D8BD000870B504462546D5F8A41009687F
:1058C00088688047D5F8A400406841692846884721
:1058D00070BD000001490860704700003C020020D4
:1058E00070B586B006460C46002500200390049053
:1058F000059007A040F2FB110E4B0FA2CDE9010469
:10590000009118A1042002F0B7FB06B070BD0000A2
:1059100053595F4D4F544F52207365745F636861F4
:105920006E6E656C204F4B206174205B25645D0DAD
:105930000A00000072B900082E2E5C4253505C73BE
:10594000795F6D6F746F725C6472697665725C7397
:10595000795F6D6F746F725F6472697665722E63C2
:10596000000000004E4F5F544147000070B588B002
:1059700004460E460025002005900690079094F8F6
:105980002800002810D04FF41C7024A12EA2CDE9CD
:105990000002354B21A2CDE9021034A1042002F00F
:1059A0006BFB022008B070BD012084F82800A168BC
:1059B00048688047002004902E4903C9CDE90201C0
:1059C00020788DF80800300A8DF80C00F0B28DF8C0
:1059D0000D000DF10E02062102A8FCF7C3F8207895
:1059E000A1680A6802A99047054605B110E0A068C1
:1059F000C16805A88847054605B109E0E06804AA22
:105A00000121036900209847054605B100E000BF69
:105A1000002084F828002846C4E700002E2E5C42AF
:105A200053505C73795F6D6F746F725C64726976EA
:105A300065725C73795F6D6F746F725F64726976A3
:105A400065722E630000000053595F4D4F544F5252
:105A50002062757379206174202573206C696E65EE
:105A60002025640D0A000000B8B900084E4F5F54AD
:105A700041470000CCB9000830B585B00546002488
:105A8000002002900390049006A040F2AF110A4B50
:105A90000AA2CDE9001014A1042002F0EDFA05B02D
:105AA00030BD000053595F4D4F544F522073746FF7
:105AB00070204F4B0D0A000064B900082E2E5C4286
:105AC00053505C73795F6D6F746F725C647269764A
:105AD00065725C73795F6D6F746F725F6472697603
:105AE00065722E63000000004E4F5F544147000076
:105AF000014600200875086000BF08E000230A1D69
:105B000042F82030083242F82030421CD0B202283D
:105B1000F4DB0020704700001FB52AA103C9CDE9BE
:105B2000020100BF04212948FDF772FA0020ADF8F8
:105B30000D008DF80F0000242CE0E0B2FBF75CFFB5
:105B400038BB002C09DB082C07DA9DF80F00012177
:105B5000A1400843C0B28DF80F00082C0BDB102CBD
:105B600009DA9DF80E00A4F1080101228A401043D1
:105B7000C0B28DF80E00102C0BDB162C09DA9DF844
:105B80000D00A4F1100101228A401043C0B28DF82B
:105B90000D00641C162CD0DB02A91220FBF774FF49
:105BA00005464DB10AA091210F4B10A2CDE900107E
:105BB00014A1042002F060FA4FF47A7003F0EAF9BD
:105BC000B0E70000FFFFFFFFFFFFFFFF00100240F4
:105BD00043414E31205472616E73696D6974206661
:105BE00061696C65640D0A003CB500082E2E2F43D8
:105BF0006F72652F5372632F6672656572746F736F
:105C00002E6300004E4F5F544147000010B54FF027
:105C1000E020006905F0CCF9012801D004F0A2FCD5
:105C200010BD000000B593B0302107A8FAF774FB4F
:105C3000142102A8FAF770FB00BF0020019024484D
:105C4000006840F08050224908600846006800F073
:105C50008050019000BF00BF00BF002001901D4890
:105C6000006840F480401B4908600846006800F462
:105C70008040019000BF00BF012007900004089001
:105C800002200D9041050E9104210F91A821109141
:105C9000022111910421129107A8FDF75BFC08B1C4
:105CA000FCF744F80F20029002200390002004909B
:105CB0004FF4A05005904FF480500690052102A8A3
:105CC000FDF7E6FA08B1FCF731F813B000BD0000AB
:105CD00040380240007000400348006840F4700003
:105CE000014908607047000088ED00E0F3B58BB013
:105CF00004460027202103A8FAF70EFB207801288C
:105D000003D1022738460DB0F0BD01202070607825
:105D100000F007056078C608616C4868804700207D
:105D2000029016A103C9CDE900018DF80060680159
:105D30008DF801000DF103010CA802F052F8607813
:105D4000616C0A68694690470C9898B1A06C4FF452
:105D50007A7302AA0121D0F810C00020E04740B9B0
:105D60000298012806D1606CC16803A88847002703
:105D700000E00627002020703846C4E70000240019
:105D80000000000370B504460D4629462046FBF787
:105D900007F9002070BD00002DE9F04190B00446E5
:105DA0004FF00008202108A8FAF7B6FA2078012859
:105DB00005D14FF00208404610B0BDE8F081012047
:105DC0002070607800F007066078C708616C48684A
:105DD00080470020079024A103C9CDE905018DF873
:105DE000147070018DF815006078616C0A6805A95F
:105DF0009047A06C41F2883307AA01210569002071
:105E0000A84700282BD10798012828D1606CC168C9
:105E100008A8884716A14D2208981A4BCDE9002101
:105E2000029019A221A1042002F026F9002512E017
:105E30000EA8405D1FA15022124BCDE90115009222
:105E4000039011A219A1042002F016F9A06C0168B8
:105E50000A2088476D1C082DEADB4FF0000800205F
:105E600020704046A8E7000000002000000000006D
:105E700072785F646174612E6964203D2025780D1D
:105E80000A000000DDB800082E2E5C4253505C74FE
:105E900063736D5C6472697665725C7463736D5F65
:105EA0006472697665722E63000000004E4F5F5485
:105EB00041470000646174615B25785D203D2020CE
:105EC00025780D0A00000000F3B58BB004460027CA
:105ED000202103A8FAF720FA2078012803D102270D
:105EE00038460DB0F0BD01202070607800F0070545
:105EF0006078C608616C486880470020029016A14F
:105F000003C9CDE900018DF8006068018DF801003A
:105F10000DF103010CA801F064FF6078616C0A6860
:105F2000694690470C9898B1A06C4FF47A7302AA16
:105F30000121D0F810C00020E04740B902980128A4
:105F400006D1606CC16803A88847002700E00627D7
:105F5000002020703846C4E7000023000000000342
:105F600010B5002402210248FCF790F8204610BD2D
:105F7000BC0300202DE9FC410446002526460020F4
:105F80000190012701A80090002301223946706B7F
:105F900004F05CFF019830B1380704490860BFF392
:105FA0004F8FBFF36F8F2846BDE8FC8104ED00E002
:105FB0002DE9F04104460D4616461F464FF00008F5
:105FC0003B4632462946204605F0B4F8012801D068
:105FD0004FF001084046BDE8F08170B504460D461B
:105FE0000026002301222946204604F09BFE0128BA
:105FF00000D00126304670BDF0B58BB004460025B8
:10600000202103A8FAF788F92078012803D1022576
:1060100028460BB0F0BD01202070607800F0070624
:106020006078C708616C486880470020029015A11D
:1060300003C9CDE900018DF8007070018DF80100F1
:106040006078616C0A6869469047054615B1052578
:106050002846DEE7A06C41F2883302AA0121D0F87D
:1060600010C00020E04740B90298012806D1606CBA
:10607000C16803A88847002500E00625002020709D
:106080002846C6E7000002000000000170B5044683
:106090000026254600220A21032004F07DFAA8618B
:1060A000A86900B90126304670BD70B504460025C8
:1060B0002646B06903F0BEFF142002F06BFF2846AD
:1060C00070BD2DE9F04104460D46164600273246C4
:1060D0002946204604F09CFC012800D001273846C0
:1060E000BDE8F08170B504460D46002600230A2263
:1060F0002946204604F03AFB012800D0012630460C
:1061000070BD00002DE9F04190B004464FF000084A
:10611000202108A8FAF700F92078012805D14FF0CE
:106120000208404610B0BDE8F08101202070607880
:1061300000F007066078C708616C48688047002057
:10614000079024A103C9CDE905018DF814707001F1
:106150008DF815006078616C0A6805A99047A06CFD
:1061600041F2883307AA012105690020A8470028C9
:106170002BD10798012828D1606CC16808A88847EE
:1061800016A18E2208981A4BCDE90021029019A27F
:1061900021A1042001F070FF002512E00EA8405D4F
:1061A0001FA19122124BCDE901150092039011A27B
:1061B00019A1042001F060FFA06C01680A20884743
:1061C0006D1C082DEADB4FF00008002020704046CF
:1061D000A8E70000000001000000000172785F6481
:1061E0006174612E6964203D2025780D0A0000004D
:1061F000EBB800082E2E5C4253505C7463736D5CE8
:106200006472697665725C7463736D5F64726976DB
:1062100065722E63000000004E4F5F54414700003E
:10622000646174615B25785D203D202025780D0A2E
:10623000000000000146002010E0A5230A1D02F81E
:106240003030002302EBC00253700A1D02EBC00283
:1062500053800A1D02EBC0025360401C0528ECDB92
:10626000002070472DE9F0412DED028B8CB00446E3
:10627000B0EE408A0D464FF00008202104A8FAF73E
:106280004BF89FED2F0AB4EEC08AF1EE10FA05D25A
:1062900006200CB0BDEC028BBDE8F081012020701F
:1062A0009FED280AB4EEC08AF1EE10FA03DD9FEDEF
:1062B000250AB0EE408A607800F007066078C708CB
:1062C0001DB1616C4868804702E0616C8868804756
:1062D000002003901CA103C9CDE901018DF80470D1
:1062E0007007000E8DF805000DF10700B0EE480AAA
:1062F000FBF778FD6078616C0A6801A99047ADB141
:10630000A06C4FF47A7303AA0121D0F810C00020CA
:10631000E04748B90398012808D1606CC16804A817
:1063200088474FF0000801E04FF00608616C88686C
:10633000804784ED018A002020704046A9E70000D4
:1063400000003C4200007A440000260000000000EB
:106350002DE9F0418CB004460D460026202104A80A
:10636000F9F7DAFF616C48688047607800F007074A
:1063700060784FEAD0080020039011A103C9CDE94D
:1063800001018DF8048078018DF805006078616C5A
:106390000A6801A990476DB1A06C2B4603AA0121A0
:1063A000D0F810C00020E04718B90398012801D1A7
:1063B00000E006260020207030460CB0BDE8F081D9
:1063C00000002500000000022DE9F04104460D46C2
:1063D00016461F464FF000083A463146284602F05E
:1063E0002FFE20600CB94FF007084046BDE8F08151
:1063F00070B504462568284603F0A2FE0020206000
:1064000070BD70B504460D462646706B01F034FD34
:106410002870002070BD00002DE9F05F04460D4695
:1064200016461F46DDE90A9A4FF00008C3460CB134
:1064300005B126B94FF003084046BDE8F09F134868
:10644000D0476564A6642761C4F814901048E064DE
:10645000104860651048A0651048E0651048206647
:10646000104860661048A0661048E0662046E16E5D
:106470008847B8F1000F03D04FF001084046DCE731
:10648000A06C01680A2088474046D6E715660008D8
:10649000995D000805610008F95F0008C95E000801
:1064A000ED5C00085163000865620008318C00084B
:1064B00030B502460123002013E0141D04EBC00494
:1064C00064886CB9141D04EBC00461604D78141D20
:1064D00004F83050012504EBC0046580002302E07D
:1064E000401C0528E9DB00BF184630BD2DE9FC4102
:1064F0000446002600251EE0201D00EBC500408854
:10650000012817D10E49A06BCDE90001D4E90B7326
:1065100006CF271D07EBC5077868FFF77DFF064606
:106520001EB101263046BDE8FC810221201D00EB92
:10653000C50041806D1C052DDEDB3046F3E7000011
:10654000316600087FB504460D46002620780128F4
:1065500002D1304604B070BD7CB9642020A1294A24
:10656000CDE90002284B1EA2CDE9021027A104208C
:1065700001F082FD03263046ECE77DB96E2018A1BC
:10658000204ACDE90002204B15A2CDE902101FA13F
:10659000042001F071FD03263046DBE7286808B1CE
:1065A000686878B979200EA1164ACDE90002164B29
:1065B0000BA2CDE9021015A1042001F05DFD032618
:1065C0003046C7E7E5622046FFF790FF064616B162
:1065D00001263046BEE7012020703046BAE70000B1
:1065E0002E2E5C4253505C7463736D5C68616E6404
:1065F0006C65725C7463736D5F68616E646C657208
:106600002E630000C0BC0008CBB800084E4F5F549A
:106610004147000070B504462546E96A0968886864
:106620008047E86A406841692846884770BD000095
:106630000149086070470000E001002010B50248E1
:10664000FDF71CFB10BD0000C405002010B502487A
:10665000FDF714FB10BD0000E403002010B5024854
:10666000FDF70CFB10BD00002C04002010B50268E3
:106670002B4B98420ED0B0F1804F0BD0294B984253
:1066800008D0294B984205D0284B984202D0284B7D
:10669000984203D122F070024B681A43204B984273
:1066A00020D0B0F1804F1DD01E4B98421AD01E4B07
:1066B000984217D01D4B984214D01D4B984211D0D0
:1066C0001C4B98420ED01C4B98420BD01B4B98424F
:1066D00008D01B4B984205D01A4B984202D01A4B57
:1066E000984203D122F44072CB681A4322F080030F
:1066F0004C6943EA04028B68C3620B688362084BEF
:10670000984202D00A4B984201D10B690363036897
:1067100043F00403036001234361026010BD0000E5
:10672000000001400004004000080040000C004050
:106730000004014000400140004401400048014085
:1067400000180040001C00400020004070B50446C6
:10675000A56B0020E8852846FDF718FC70BD70B5D4
:1067600006460025B46B20684069C0F3C01594F854
:106770004100212805D125B10020E084204600F009
:10678000C8F820684069C0F3801594F842002228B8
:1067900005D125B10020E085204600F074F8606C3A
:1067A00040F0100060642046FDF7F0FB70BD70B54E
:1067B0000546AC6B2868006800F48070002842D160
:1067C000E08500BF00BF21680C3151E8001F21F4B3
:1067D000807021680C3141E80002002AF3D100BF2B
:1067E00000BF00BF2168143151E8001F21F00100F3
:1067F0002168143141E80002002AF3D100BF00BF34
:1068000000BF2168143151E8001F21F040002168C9
:10681000143141E80002002AF3D100BF202084F89F
:106820004200206B01280ED100BF00BF21680C314F
:1068300051E8001F21F0100021680C3141E80002EE
:10684000002AF3D100BF00206063206B012804D12F
:10685000A18D2046FDF724FB02E02046FDF726FE31
:1068600070BD70B50546AC6B01206063206B0128DC
:1068700005D1A08D41082046FDF712FB02E020461D
:10688000FDF715FE70BD00BF00BF02680C3252E874
:10689000002F22F4907102680C3242E80013002BA2
:1068A000F3D100BF00BF00BF0268143252E8002FCE
:1068B00022F001010268143242E80013002BF3D1E8
:1068C00000BF016B01290ED100BF00BF02680C326E
:1068D00052E8002F22F0100102680C3242E8001347
:1068E000002BF3D100BF202180F84210002101636A
:1068F000704710B504462068C06820F04000216849
:10690000C860202084F841002046FDF730FE0020BA
:1069100010BD00BF00BF02680C3252E8002F22F009
:10692000C00102680C3242E80013002BF3D100BF13
:10693000202180F841107047F8B504460025002654
:1069400094F84200222873D1A068B0F5805F0BD183
:10695000206948B9A66A20684068C0F30800308002
:10696000A06A801CA06214E0A56AA068B0F5805FF0
:1069700003D0A06828B9206918B920684068287039
:1069800004E02068406800F07F002870A06A401C86
:10699000A062E08D401E80B2E085002846D12068CC
:1069A000C06820F020002168C8602068C06820F41A
:1069B00080702168C8602068406920F0010021686B
:1069C0004861202084F8420000206063206B012889
:1069D00026D10020206300BF00BF21680C3151E8A0
:1069E000001F21F0100021680C3141E80002002A4C
:1069F000F3D100BF2068006800F0100010280AD111
:106A000000BF002000902068006800902068406867
:106A1000009000BF00BFA18D2046FDF741FA02E0C3
:106A20002046FDF743FD0020F8BD01E00020FBE714
:106A30000220F9E72DE9F84F04462068006920F4A8
:106A40004050E1680843216808612169A068084353
:106A500061690843E169084300902068C06849F211
:106A60000C618843009908432168C8602068406928
:106A700020F44070A1690843216848617649206884
:106A8000884203D075492068884203D1FCF7FAFC9C
:106A9000814602E0FCF7E6FC8146E069B0F5004F74
:106AA0006CD102206168A0FB015003461920A9FBAC
:106AB000007001462A463846F9F7E4FB6421B0FB32
:106AC000F1F04FEA001A02206168A0FB01510B4669
:106AD0001920A9FB00712A463846F9F7D3FB8346F3
:106AE00002206168A0FB015003461920A9FB007138
:106AF0002A463846F9F7C6FB6421B0FBF1F000EBFB
:106B0000C00101EB0010ABEB8000322101EBC000B3
:106B10006421B0FBF1F000F0F8000AEB400A02201B
:106B20006168A0FB015003461920A9FB00700146D3
:106B30002A463846F9F7A6FB834602206168A0FB87
:106B4000015003461920A9FB00712A463846F9F77F
:106B500099FB6421B0FBF1F000EBC00101EB0010E8
:106B6000ABEB8000322101EBC0006421B0FBF1F0FF
:106B700000F007005044216888606AE004206168E2
:106B8000A0FB015003461920A9FB007001462A46CC
:106B90003846F9F777FB824604206168A0FB015074
:106BA00003461920A9FB007001462A463846F9F72A
:106BB00069FB6421B0FBF1F000EBC00101EB0010B8
:106BC000AAEB8000322101EB00106421B0FBF1F050
:106BD00000F0F00A04206168A0FB01700346192050
:106BE000A9FB00513A462846F9F74CFB6421B0FB5B
:106BF000F1F00AEB001A04206168A0FB01510B467A
:106C00001920A9FB00712A463846F9F73BFB834659
:106C100004206168A0FB015003461920A9FB007005
:106C200001462A463846F9F72DFB6421B0FBF1F006
:106C300000EBC00101EB0010ABEB8000322101EB57
:106C400000106421B0FBF1F000F00F005044216807
:106C50008860BDE8F88F000000100140001401407A
:106C600077B581B0044615460298A062A58500203C
:106C70006064222084F842002C48E16BC8632C48F1
:106C8000E16B08642B48E16BC8640020E16B086588
:106C900002AE32682368191D2B46E06BFBF7F6FF46
:106CA00038B110206064202084F84200012004B034
:106CB00070BD00BF00200090206800680090206830
:106CC0004068009000BF00BF206970B100BF00BFE6
:106CD00021680C3151E8001F41F4807021680C31AB
:106CE00041E80002002AF3D100BF00BF00BF2168C5
:106CF000143151E8001F41F001002168143141E8CE
:106D00000002002AF3D100BF00BF00BF2168143188
:106D100051E8001F41F040002168143141E80002B1
:106D2000002AF3D100BF0020C1E70000AF670008D0
:106D3000636800085F670008014691F84100212858
:106D400028D18868B0F5805F0BD1086948B90A6A14
:106D50001088C0F308000B685860086A801C08623D
:106D600005E00B6A581C086218780B685860C88CDC
:106D7000401E80B2C88458B90868C06820F08000FE
:106D80000B68D8600868C06840F040000B68D860A5
:106D9000002070470220FCE72DE9F84304460D4629
:106DA00017469846089E31E0701C70B3FCF740F916
:106DB000A0EB0800B04200D816B90320BDE8F88364
:106DC0002068C06800F00400F8B1802D1ED0402D6E
:106DD0001CD020680068C0F3C000B0B100BF002024
:106DE000009020680068009020684068009000BF14
:106DF00000BF2046FFF747FD0820606400BF002069
:106E000084F8400000BF0120D8E7FFE72068006851
:106E10002840A84201D1012000E00020B842C3D0A0
:106E20000020CBE710B50248FDF7B2F810BD000016
:106E30007404002010B50248FDF7AAF810BD000048
:106E4000BC04002000BFFEE770B5144CA82120460A
:106E5000F9F762FA03202061606111A0A061134973
:106E6000E1614FF4806121620021A1626162E1620F
:106E70000BA020660E4961661021A16600212167E2
:106E8000E1666167002505E0C5F10F000949085C6E
:106E900060556D1C102DF7D370BD00008454002088
:106EA0005465726D696E616C000000002C55002005
:106EB0002C5900203ABA000810B501460A69CB687F
:106EC0009A4204D88C68641EE41AA01801E0D41A0F
:106ED000601E10BD2DE9FC5F06460F46924698469F
:106EE000DDE90C45002F01DA784200E038468346A0
:106EF0004FF0010903E09BFBFAFB09F10109D345BF
:106F0000F9DAC84500D9C14634B1002F03DB05F0DA
:106F10000400042800D1641E05F0020010B1B8F18D
:106F2000000F11D005F0010070B96CB108E0641ECB
:106F30002021304600F0EAF8F068002800DA02E08C
:106F40000CB1A145F3D300BFF068002836DB002F59
:106F500005DA7F422D21304600F0D8F807E005F031
:106F60000400042803D12B21304600F0CFF8F0684C
:106F7000002823DB05F00200022814D105F00100EF
:106F800088B9B8F1000F0ED16CB108E0641E302151
:106F9000304600F0BBF8F068002800DA02E00CB1DF
:106FA000A145F3D300BFF068002807DB43465246F3
:106FB00039463046CDE9004500F002F8BDE8FC9FB7
:106FC0002DE9FC5F8046894615461E460C9CCDF88F
:106FD00004900127BB4605E00198B0FBF5F0019055
:106FE0000BF1010B0198A842F6D25E4500D9B346D9
:106FF0000D9800F00100D0B9CCB10D9800F002005E
:10700000022803D116B93020009001E02020009022
:1070100009E0641E4046009900F078F8D8F80C00AA
:10702000002800DA02E00CB1A345F2D300BFD8F883
:107030000C00002835DB09E0012E01D9761E04E0A2
:10704000B9FBF7FAAA4500D201E06F43F4E700BFAD
:1070500000BFB9FBF7FA0AFB1799134810F80A109A
:10706000404600F053F8D8F80C00002800DA03E09E
:10707000B7FBF5F7002FECD100BF0D9800F0010031
:1070800078B174B109E0641E2021404600F03EF85A
:10709000D8F80C00002800DA02E00CB1A345F2D3C6
:1070A00000BFBDE8FC9F00004BBA00082DE9F0418D
:1070B0000646884600253468606B68B9D4E90E310D
:1070C000E068114A476804F13400B8470546CDB17D
:1070D00001252846BDE8F081E068C16804F134006C
:1070E0008847E068016864208847D4E90E31E06889
:1070F000054A476804F13400B847054615B1012533
:107100002846E7E72846E5E7D006002070B50446A4
:107110000E46A568681C6168814206D32068465502
:10712000681CA060E068401CE060D4E9011088425F
:107130000DD1A26821682069FDF718FEA168884278
:1071400003D04FF0FF30E06001E00020A06070BD90
:107150002DE9F04105460F4600262C68184829689D
:1071600001603968416079688160606B70B9D4E909
:107170000F31A06C124AD0F804C004F13400E0478B
:107180000646D6B101263046BDE8F081A06CC16844
:1071900004F134008847A06C016864208847D4E972
:1071A0000F31A06C064AD0F804C004F13400E04767
:1071B000064616B101263046E6E73046E4E7000011
:1071C0000C0600202DE9F05F0446894617464FF073
:1071D000000AE56800BFD4F81080A84503D9A8EBE1
:1071E0000500461E04E0A5EB0800401CA1680E1A2D
:1071F000A068401BB04201D9304601E0A068401BA6
:107200000646BE4201D2304600E038460646606877
:1072100000EB050B324649465846F9F764F8B2448C
:10722000B144BF1B3544A068A84200D10025E560E9
:10723000002FD0D15046BDE8F09F2DE9F04704461D
:1072400089461546E668A068871BAF420AD9606880
:1072500000EB060A2A4649465046F9F744F87019E9
:10726000E06014E0B846606800EB060A4246494612
:107270005046F9F738F8A5EB0708D4F804A009EB55
:10728000070142465046F9F72EF8C4F80C80BDE8D5
:10729000F08700000FB47CB50C0009AD01D0611E71
:1072A00000E00021CDE90001064B6A462946089816
:1072B00000F0E8F9002C02D0009A002111707CBC8B
:1072C0005DF814FB8B7D00087CB50C001D4616464E
:1072D000014601D0601E00E00020CDE90010064B01
:1072E0006A462946304600F0CDF9002C02D0009ABB
:1072F000002111707CBD00008B7D000802480068F1
:10730000C0F30220704700000CED00E010B500282B
:1073100004DB0A07130E054A135406E00A07140E8D
:10732000034A00F00F031B1FD45410BD00E400E01B
:1073300018ED00E0EFF30580704702E008C8121F67
:1073400008C1002AFAD170477047002001E001C14E
:10735000121F002AFBD170471CB509A060210D4BFC
:107360000DA2CDE9001011A1042000F085FE00213E
:107370000846FAF731FB00210620FAF72DFB1CBD69
:107380006170705F646F6F725F636C6F73650D0A1D
:107390000000000067B800082E2E5C4150505C6170
:1073A00070705F646F6F722E630000004E4F5F5409
:1073B000414700001CB509A057210C4B0CA2CDE998
:1073C000001010A1042000F057FE01210020FAF760
:1073D00003FB01210620FAF7FFFA1CBD6170705F04
:1073E000646F6F725F6F70656E0D0A0058B80008A9
:1073F0002E2E5C4150505C6170705F646F6F722E16
:10740000630000004E4F5F54414700001CB507A0C9
:1074100061210E4B0EA2CDE9001012A1042000F054
:107420002BFE00210520FAF7D7FA1CBD5F617070B2
:107430005F70726F62655F636C6F736520737563F5
:107440006365737366756C6C0D0A0000BAB800084A
:107450002E2E5C4150505C6170705F70726F62657F
:107460002E6300004E4F5F54414700001CB507A03B
:1074700059210E4B0EA2CDE9001012A1042000F0FC
:10748000FBFD01210520FAF7A7FA1CBD5F617070B2
:107490005F70726F62655F6F70656E207375636396
:1074A00065737366756C6C0D0A000000AAB800085D
:1074B0002E2E5C4150505C6170705F70726F62651F
:1074C0002E6300004E4F5F54414700002DE9FF5FDF
:1074D00082B00021DDE90430020DDDF840B0034345
:1074E00018D044F61050A2F2FF32424315141198FE
:1074F00001281FD0A5EB0B00401C5FEA000A4FF0EB
:1075000000064E4FDFF83891B046504615D5CAF107
:10751000000413E0119801244AA3012801D16FEA65
:107520000B010298119AC0E90031C0E9024206B08D
:10753000BDE8F09FCBF10000DFE704460021404AA0
:10754000491842EB0450CDE9001012E0E00707D0E3
:1075500032463B4640464946F8F7EDFF80468946AD
:1075600032463B4610461946F8F7E5FF06460F46F9
:107570006410002CEAD1DDE90401DDE90023BAF151
:10758000000F06DAF8F7D7FF42464B46F8F7D3FF6D
:1075900005E0F9F742F842464B46F9F73EF8044653
:1075A0000E460022284BF9F7BFF803D84FF0FF3002
:1075B000014607E00022254B20463146F8F714FF2C
:1075C000F9F79AF8102409E0002C0ADB0A220023BC
:1075D000F8F758FE039B30321A55641E50EA010238
:1075E000F2D1641C039AC4F111031444119A012AC4
:1075F00003D0012208430DD10AE0084304D0002043
:107600004FF0110B119072E7A3EB0B056D1E0DE00F
:107610005B4504DD4FF0000205F1010504E003DAEB
:107620004FF00002A5F10105002AECD00298119953
:10763000C0E90231C0E9004579E7000000001440CC
:107640000000F03F300000000000F0430000E03F89
:1076500070B504460D462946D4E9020201F0F0FC5B
:1076600070BD10B504466068006830B16168086894
:1076700002F066FD002061680860002001F08AFCCD
:1076800010BD00002DE9FF4F95B09A46884606468A
:107690000025EEE1252877D100242746F94A01216B
:1076A000039400E0044316F8013F203B01FA03F085
:1076B0001042F7D130782A2811D06FF02F0330789C
:1076C000A0F13002092A16D8039A44F0020402EB12
:1076D000820203EB42021044761C0390EFE758F855
:1076E000042B0392002A03DA504244F4005403901E
:1076F00044F00204761C30782E2816D116F8010FBB
:1077000044F004042A280DD06FF02F023078A0F145
:107710003003092B09D807EB870302EB4303C71893
:10772000761CF3E758F8047B761C30786C280FD071
:1077300006DC4C2817D068280DD06A2814D104E044
:10774000742810D07A280FD10DE044F400140AE018
:1077500044F4801401E044F440147278824202D16F
:1077600004F58014761C761C307866280BD013DC68
:10777000582877D009DC002875D04528F6D046284F
:10778000F4D047281AD193E118E0632835D0642853
:1077900079D0652812D18BE1702873D008DC672876
:1077A000F1D069286FD06E280DD06F2806D1ACE0DB
:1077B00073282CD0752874D0782853D05246179946
:1077C00090476D1C54E1C4F30250022809D00328ED
:1077D0000DD0D8F8001004280DD00D6008F1040871
:1077E00046E1D8F80010EA17C1E90052F6E7D8F8E8
:1077F00000100D80F2E70D70F0E718F8041B8DF80B
:10780000001000208DF80100EB46012003E058F83D
:1078100004BB4FF0FF3061074FF0000102D40DE0D0
:1078200009F101018946B9420FDA8145F8DB1BF8FD
:1078300009100029F4D108E009F1010189468142CB
:10784000FADB1BF809100029F6D103985346A0EB88
:10785000090721463846179A00F080FA284400EBC1
:10786000090507E044E008E10DE01BF8010B524672
:1078700017999047B9F10109F7D253462146384686
:10788000179AF2E039E00A21C4F302524FF0000BDC
:107890000091022A06D058F8040BC117032A09D018
:1078A0000AE023E008F1070020F00702F2E80201F5
:1078B000904605E000B2C117042A01D140B2C117B9
:1078C000002906DA0A460021404261EB02012D221E
:1078D00002E0220504D52B228DF80420012203E0CA
:1078E000E20701D02022F7E7914657E00A2100E0A5
:1078F00010214FF0000B00910BE010214FF0000B16
:1079000044F004040827009103E008204FF0000B26
:107910000090C4F30252022A05D058F8040B00214B
:10792000032A08D008E008F1070020F00702F2E877
:107930000201904603E080B2042A00D1C0B24FF0A9
:10794000000922072AD53278702A07D0DDF800C056
:107950008CF0100C5CEA0B0C05D00EE040228DF888
:107960000420012208E050EA010306D030238DF8FC
:1079700004308DF8052002229146009B83F0080315
:1079800053EA0B030AD150EA010201D1620705D57F
:1079900030228DF804204FF001097F1E3278582ADA
:1079A00004D039A20C920CAA02920BE03BA2F9E798
:1079B0005B46009AF8F766FC0C9B9B5C029A521E91
:1079C0000292137050EA0102F2D1029804A9081A37
:1079D00000F1200B600702D524F4803400E0012779
:1079E0005F4502DDA7EB0B0000E0002000EB0B0180
:1079F000009003984944401A0390E00306D453468C
:107A00002146179A039800F0A9F90544002706E0DB
:107A100001A85246C05D179990476D1C7F1C4F45C9
:107A2000F6DBE0030CD553462146179A039800F085
:107A300095F9054404E030205246179990476D1C93
:107A40000099481E00900029F5DC08E00298029990
:107A500052460078491C0291179990476D1CBBF162
:107A60000001ABF1010BF1DC5BE100F065F90544CD
:107A7000761C307800287FF40DAE19B02846BDE89A
:107A8000F08F0000092801003031323334353637A9
:107A9000383961626364656600000000303132335A
:107AA00034353637383941424344454600000000FA
:107AB000600700D4062708F1070020F00700F0E86F
:107AC0000223804603F0004C5FEA0C0001D097A02F
:107AD00009E0200501D596A005E0E00701D095A0BA
:107AE00001E0AFF24C001390307823F0004365289A
:107AF0000CD006DC452809D046281DD047287FD168
:107B00003BE0662818D067287AD136E00021112F93
:107B100001DB112000E0781CCDE9000104A90CA8CC
:107B2000FFF7D4FCDDE90D010C9A4FF0000B07F1D3
:107B30000109109200914EE04FF000400097CDE90E
:107B4000011004A90CA8FFF7C1FCDDE90D020C9B94
:107B50000F994FF0000B91461093009211B9791CC8
:107B600000EB0109B7EB090003D4C0F1FF3B07F1BB
:107B70000109A9EB0700019042E0012F00DA01277B
:107B80000021112F01DD112000E03846CDE9000170
:107B900004A90CA8FFF79AFCDDE90D010C9A0091ED
:107BA0004FF0000BB946109221070FD4009A4A45B6
:107BB00003DA914601E0A9F10109B9F1010F05DDF0
:107BC000109AA9F10101515C3029F4D0B84202DACF
:107BD00010F1040F03DA0121CDE9011010E00028B3
:107BE00003DC8344A9EB000102E0411C494500DDB0
:107BF0008946A0EB0B00401C01904FF00040029022
:107C0000200705D40198484502DB4FF0FF30019072
:107C100000208DF84B0002980DF14B07B0F1004F9A
:107C200025D002200C902B200D90029800280CDA11
:107C3000404202902D200D9007E00A210298F8F7AB
:107C40009EFB3031029007F8011D0C99481E0C90E4
:107C50000029F2DC02980028EFD1791E0D980870F7
:107C6000307800F0200040F0450007F8020D11A820
:107C7000C01BC01D02901398007800B1012000EBDA
:107C80000901019801EBE071029801440398401A40
:107C9000401E0390E00306D453462146179A0398EA
:107CA00000F05CF805441398007818B15246179913
:107CB00090476D1CE00323D553462146179A03983D
:107CC00000F04CF805441BE0BBF1000F07DB009807
:107CD000584504DD1098179910F80B0001E017992A
:107CE00030205246904701980BF1010B401E05F1E0
:107CF0000105019004D12E205246179990476D1C22
:107D0000B9F10001A9F10109DEDC05E017F8010B6A
:107D10005246179990476D1C0299481E02900029FF
:107D2000F4DC53462146179A03989EE62D00000086
:107D30002B000000200000002DE9F0410446002542
:107D40001E461746880404D405E039462020B04773
:107D50006D1C641EF9D52846BDE8F0812DE9F0417F
:107D6000044600251E469046C80301D5302700E092
:107D70002027880404D505E041463846B0476D1CED
:107D8000641EF9D52846BDE8F0814A68002A06D06D
:107D90000A68531C0B6010704868401E48607047AA
:107DA00010B500F041F9012000F028FDFF2100206E
:107DB00000F04CFC0721012000F048FC07210220C4
:107DC00000F044FC0721032000F040FCA721042020
:107DD00000F03CFCA721052000F038FC00F07EFDFF
:107DE00010BD0268120E036803F47F0342EA1322F7
:107DF000038803F47F4342EA0322037842EA0362E2
:107E00000A60704700B595B000200B900C900D9063
:107E10000E900F90109011901290012013900E2050
:107E200014900BA91248FAF7A1F81148FAF7F5FCDB
:107E300002210F48F9F7DFFF002001900290039024
:107E4000049005900F2006900020079008900120D4
:107E500009900E200A9001A90648FAF787F8022136
:107E60000448F9F7C8FF0348FAF7D7FC15B000BD7E
:107E700094030020BC0300202DE9F04707463E464E
:107E800056B900BF502080F31188BFF34F8FBFF366
:107E90006F8F00BF00BFFEE717480068864201D120
:107EA000002426E001F0C6FF75691448D0F8008070
:107EB0001348D0F8009001F0E7FF454501D04D454B
:107EC00001D1022415E00F4885420BD1B06A38B9C0
:107ED00096F85800012801D102240AE0032408E0A2
:107EE000022406E00848854200D00DB9042400E0D1
:107EF00001242046BDE8F087D8020020DC020020E3
:107F0000E0020020A01000208C10002070B586B088
:107F10000546002D1CD126480068002811D14FF4D9
:107F2000F070244924A229A3CDE90310CDE9013240
:107F300000900B462EA239A1002000F09DF800BF52
:107F4000FEE74FF4F0721B491BA0194B1B689847C2
:107F500000240526334890F8F00010B9304606B0EA
:107F600070BD00F097FA00241BE004EB44112D488B
:107F70003130084490F82000012810D104EB44125D
:107F8000284831301044411C1E222846F8F7E8F9F1
:107F900028B904EB441123483130465C03E0601CEF
:107FA000C4B2052CE1DB00BF00F0A8FA3046D6E7EA
:107FB00088030020EDBA000874616720213D202865
:107FC00028766F6964202A29302900002825732922
:107FD0002068617320617373657274206661696CD7
:107FE00065642061742025733A256C642E000000BE
:107FF0002E2E5C4D6964646C6577617265735C6C90
:108000006F675C656173796C6F676765725C7372CB
:10801000635C656C6F672E6300000000656C6F67C2
:10802000000000003C59002010B50024114890F8D1
:10803000F000012801D1204610BD00F076FA044678
:108040000CB12046F8E7012000F038FA0020094979
:1080500081F8F30081F8F400012000F0CFFB052047
:1080600000F070FA00F0D4FA0120024981F8F00023
:108070002046E1E73C5900200FB42DE9F04F8DB0C8
:1080800005460F469846DDF868903846F8F761F9DE
:10809000824600244FF0010B00200B900C900790BB
:1080A000089009900A90052D1CDDCC480068002836
:1080B00011D140F23E20CA49CAA2D1A3CDE9031092
:1080C000CDE9013200900B46D6A2E1A10020FFF7D6
:1080D000D3FF00BFFEE740F23E22C149C1A0BF4B23
:1080E0001B689847DC4890F8F10020B90DB0BDE856
:1080F000F00F5DF814FBD8480078A84204DB38463E
:10810000FFF704FFA84200DAF0E7D349491C3846DC
:10811000F8F70DF900B9E9E71CA8069000F0BAF9E4
:10812000CD4890F8F50078B1CC480119CCA2204692
:1081300000F022FC0444CB4850F82520C748011920
:10814000204600F019FC04440121284600F0E6FC1A
:1081500040B1C54850F82520C0480119204600F01C
:108160000BFC04440221284600F0D8FCE8B1BB48CF
:1081700001193A46204600F0FFFB0444BAF10F0F04
:108180000CD8CAF10F01202207A8F8F7BEF8B348AF
:10819000011907AA204600F0EFFB0444AF4801197B
:1081A000B2A2204600F0E8FB04441C21284600F05F
:1081B000B5FC002852D0A9480119ADA2204600F014
:1081C000DBFB04440421284600F0A8FCA8B100F021
:1081D000ABF90590A14801192046059A00F0CCFBA7
:1081E00004441821284600F099FC30B19B4801193D
:1081F0009EA2204600F0C0FB04440821284600F05F
:108200008DFCA8B100F08EF9059094480119204624
:10821000059A00F0B1FB04441021284600F07EFCD2
:1082200030B18E48011991A2204600F0A5FB04440C
:108230001021284600F072FC48B100F074F9059056
:10824000864801192046059A00F096FB04448348AD
:10825000011988A2204600F08FFB04442021284603
:10826000189A00F0C9FC60B942464021284600F047
:10827000C3FC30B94A468021284600F0CBFC0028D8
:1082800062D0764801197CA2204600F075FB0444B8
:1082900020212846189A00F0AFFC08B36F48011956
:1082A0002046189A00F068FB0444424640212846C4
:1082B00000F0A2FC38B16948011970A2204600F014
:1082C0005BFB04440CE04A468021284600F0A2FCF7
:1082D00030B16248011965A2204600F04DFB04440C
:1082E0004A468021284600F095FCC8B14B4664A25E
:1082F00005210BA8FEF7CEFF584801190BAA20460E
:1083000000F03AFB044442464021284600F074FC49
:1083100030B15248011955A2204600F02DFB04440B
:1083200042464021284600F067FC30B14B48011915
:108330004246204600F020FB04444848011951A25F
:10834000204600F019FB0444C4F58061434A10192B
:10835000069B1B9AFEF7B8FF064600200690A01960
:10836000B0F5806F03D8002E01DB344401E04FF4F8
:108370008064201D5844B0F5806F04D94FF48064A8
:10838000241FA4EB0B04344890F8200058B10020BF
:1083900032490855304920313048F7F7C8FF10B945
:1083A00000F0ACF8A2E62C4890F8F50030B12B486C
:1083B000011935A2204600F0DFFA044427480119CC
:1083C00033A2204600F0D8FA04442146234800F0A6
:1083D000AEF800F093F800BF88E6000088030020A4
:1083E00005BB00086C6576656C203C3D20454C4F14
:1083F000475F4C564C5F564552424F534500000074
:108400002825732920686173206173736572742055
:108410006661696C65642061742025733A256C641B
:108420002E0000002E2E5C4D6964646C65776172CD
:1084300065735C6C6F675C656173796C6F676765AA
:10844000725C7372635C656C6F672E630000000082
:10845000656C6F67000000003C590020345A002012
:108460001B5B000070030020580300202000000068
:108470005B0000005D200000280000003A000000C2
:10848000256C6400290000001B5B306D00000000BB
:108490000A00000010B5084890F8F20030B100F072
:1084A0004FF80120044981F8F40003E0012002495B
:1084B00081F8F30010BD00003C59002010B50446BF
:1084C0000D4880F8F24090F8F200A0B10A4890F808
:1084D000F40030B9084890F8F30010B100F030F81B
:1084E00009E0054890F8F40028B1034890F8F3003B
:1084F00008B900F026F810BD3C59002010B5084816
:1085000090F8F20030B100F01CF80020044981F826
:10851000F40003E00020024981F8F30010BD0000E0
:108520003C5900207047704770470020704770B575
:1085300004460D462A4621460020FCF77FFC70BD0C
:108540007047704710B586B00446052C1CDD1048F6
:108550000068002811D14FF4AD700E490EA215A38A
:10856000CDE90310CDE9013200900B461AA225A1F6
:108570000020FFF781FD00BFFEE74FF4AD72054913
:1085800005A0034B1B6898472048047006B010BD37
:1085900088030020C1BA00086C6576656C203C3DFC
:1085A00020454C4F475F4C564C5F564552424F5307
:1085B00045000000282573292068617320617373CA
:1085C000657274206661696C65642061742025732E
:1085D0003A256C642E0000002E2E5C4D6964646C9C
:1085E0006577617265735C6C6F675C656173796CEC
:1085F0006F676765725C7372635C656C6F672E632F
:1086000000000000656C6F67000000003C5900200E
:1086100010B5002400BF13E004EB44120A491144D2
:10862000481C1F21F7F778FE002104EB441206488E
:10863000815404EB4412104480F82010601CC4B232
:10864000052CE9DB10BD00006D59002030B585B068
:1086500004460D46052C1CDD10480068002811D189
:108660004FF4A0700E490FA215A3CDE90310CDE978
:10867000013200900B461BA225A10020FFF7FCFC55
:1086800000BFFEE74FF4A072054906A0034B1B682C
:108690009847214840F8245005B030BD8803002099
:1086A000A4BA00086C6576656C203C3D20454C4FB3
:1086B000475F4C564C5F564552424F5345000000B1
:1086C0002825732920686173206173736572742093
:1086D0006661696C65642061742025733A256C6459
:1086E0002E0000002E2E5C4D6964646C657761720B
:1086F00065735C6C6F675C656173796C6F676765E8
:10870000725C7372635C656C6F672E6300000000BF
:10871000656C6F6700000000145A002010B586B029
:108720000446002C1ED0012C1CD0114800680028E3
:1087300011D140F215100F490FA219A3CDE9031072
:10874000CDE9013200900B461EA229A10020FFF7BF
:1087500093FC00BFFEE740F21512064906A0044B49
:108760001B689847244880F8F14006B010BD00000F
:108770008803002070BA000828656E61626C656429
:10878000203D3D2066616C736529207C7C20286536
:108790006E61626C6564203D3D20747275652900D0
:1087A00028257329206861732061737365727420B2
:1087B0006661696C65642061742025733A256C6478
:1087C0002E0000002E2E5C4D6964646C657761722A
:1087D00065735C6C6F675C656173796C6F67676507
:1087E000725C7372635C656C6F672E6300000000DF
:1087F000656C6F67000000003C59002010B586B022
:108800000446002C1ED0012C1CD011480068002802
:1088100011D140F221100F490FA219A3CDE9031085
:10882000CDE9013200900B461EA229A10020FFF7DE
:1088300023FC00BFFEE740F22112064906A0044BCC
:108840001B689847244880F8F54006B010BD00002A
:108850008803002088BA000828656E61626C656430
:10886000203D3D2066616C736529207C7C20286555
:108870006E61626C6564203D3D20747275652900EF
:1088800028257329206861732061737365727420D1
:108890006661696C65642061742025733A256C6497
:1088A0002E0000002E2E5C4D6964646C6577617249
:1088B00065735C6C6F675C656173796C6F67676526
:1088C000725C7372635C656C6F672E6300000000FE
:1088D000656C6F67000000003C5900200EB50B4826
:1088E00090F8F00000B90EBD0120FFF717FF08A0B7
:1088F00009A1F622124BCDE90021029011A21CA180
:108900000320FFF7B9FB00BFEDE700003C59002052
:10891000322E322E39390000456173794C6F67670A
:1089200065722056257320697320696E69746961C8
:108930006C697A6520737563636573732E0000003C
:108940005BBA00082E2E5C4D6964646C65776172B9
:1089500065735C6C6F675C656173796C6F67676585
:10896000725C7372635C656C6F672E63000000005D
:10897000656C6F6700000000F0B585B006460D46D7
:1089800014462746002D1AD125480068002810D12A
:108990002C20244924A225A3CDE90310CDE90132DE
:1089A00000900B462AA236A10020FFF765FB00BF0E
:1089B000FEE72C221B491CA0194B1B689847002C72
:1089C0001AD117480068002810D12D2015492EA271
:1089D00016A3CDE90310CDE9013200900B461CA28D
:1089E00027A10020FFF748FB00BFFEE72D220D491D
:1089F00025A00B4B1B6898470AE03046761CB0F563
:108A0000806F04D214F8010B05F8010B00E002E0BE
:108A100020780028F1D100BFE01B05B0F0BD0000B8
:108A2000880300203DBB0008647374002825732967
:108A30002068617320617373657274206661696C6C
:108A400065642061742025733A256C642E00000053
:108A50002E2E5C4D6964646C6577617265735C6C25
:108A60006F675C656173796C6F676765725C737261
:108A7000635C656C6F675F7574696C732E6300006F
:108A8000656C6F67000000007372630010B586B0FC
:108A90000446142101A8F7F73FFC0748008B01901A
:108AA0000294012003900449486901A9FAF7AEF93C
:108AB000002006B010BD0000A002002010B5044642
:108AC0002046FAF769FB002010BD000010B5002811
:108AD00021D0114B0022001F196803E0814203D806
:108AE0000A4649680029F9D152B11368841A9C4298
:108AF00004D1006818441060104602E0506000E0A5
:108B0000186039B102680B1A934203D10B681A44FA
:108B100002604968416010BD8C03002030B585B00B
:108B200004460D46052C1CDD13480068002811D1B1
:108B300040F2DF20114912A218A3CDE90310CDE9BC
:108B4000013200900B461EA228A10020FFF794FAE4
:108B500000BFFEE740F2DF22084909A0064B1B6870
:108B60009847244850F82400284010B1012005B04F
:108B700030BD0020FBE700008803002011BB000887
:108B80006C6576656C203C3D20454C4F475F4C56EC
:108B90004C5F564552424F5345000000282573292B
:108BA0002068617320617373657274206661696CFB
:108BB00065642061742025733A256C642E000000E2
:108BC0002E2E5C4D6964646C6577617265735C6CB4
:108BD0006F675C656173796C6F676765725C7372F0
:108BE000635C656C6F672E6300000000656C6F67E7
:108BF00000000000145A002070B505460E461446C9
:108C000034B131462846FFF789FF08B1012070BD15
:108C10000020FCE770B505460E46144634B13146D7
:108C20002846FFF77BFF08B1012070BD0020FCE75C
:108C300070B5044600252078012800D104250120C4
:108C400020709FED0A0A84ED010A0020A060E06018
:108C500000BF04F11C00FCF74BFF08B100BFFEE7AA
:108C600000BF002600202070284670BD00000000D4
:108C70007FB50446002594F82800002810D040F263
:108C80009E200FA119A2CDE90002204B0CA2CDE934
:108C900002101FA10420FFF7EFF9042004B070BDFB
:108CA0000021216300BF04F14C00FCF721FF08B153
:108CB00000BFFEE700BF002084F828002846EDE74B
:108CC0002E2E5C4253505C73795F6D6F746F725CD3
:108CD0006472697665725C73795F6D6F746F725FD1
:108CE0006472697665722E6300000000696E6572B9
:108CF0005F696E69742062757379206174202573D1
:108D0000206C696E652025640D0A0000D4B9000846
:108D10004E4F5F544147000070B505460349C8698E
:108D200001F007F80446204670BD0000A0020020B4
:108D300070B586B006462F49C86901F005F80446AB
:108D400014B1204606B070BD2A48008B04906946D5
:108D500004A8F9F7F9FF0298022820D125480078E5
:108D6000002844D1234A118B5069FAF749F9054686
:108D7000A5B92049086A00F0DCFF044634B11D495A
:108D8000C86900F0D6FF04462046DBE702F026F96A
:108D9000184908614FF48810FFF778FE27E0029821
:108DA000012824D11348007808BB124A118B50695E
:108DB000FAF726F90546012D18D10E49086A00F088
:108DC000C3FF04460CB12046BCE74FF40410FFF784
:108DD0005DFE0848C06807498968884206D90120B5
:108DE0000449087091F92400FFF768FE00BF20468F
:108DF000A8E70000A002002070B5054602F0EEF8DA
:108E0000044612480069A0420AD910480069C0F11E
:108E1000FF3004440D48C06820440C49C86004E099
:108E20000A480069201A0949C8600848C06807490B
:108E30008968884206D901200449087091F9240004
:108E4000FFF73CFE0148046170BD0000A002002055
:108E5000026802F07F42036803F47F031A43038829
:108E600003F47F431A4303781A430A6070470000F3
:108E70000EB5FAF7EFF8FCF7D5FEFBF7F5FBFBF7BD
:108E8000BDFBFBF777FBFBF797FBFBF703FEFBF75D
:108E90001DFEFBF7B3FDFBF7D7FDFEF7B3FFFEF7B3
:108EA0007FFF0620FAF778F90720FAF775F909200D
:108EB000FAF772F90A20FAF76FF91720FAF76CF946
:108EC0002820FAF769F900F075F8FBF7BBFB00F012
:108ED00087F813E01320F8F78FFD044608A0D1218E
:108EE000094B0AA2CDE9010400910DA10420FFF76E
:108EF000C3F84FF47A70F9F713FF00BFEAE70000F8
:108F0000693D2025640D0A0010B500082E2E2F4360
:108F10006F72652F5372632F6D61696E2E6300004F
:108F20004E4F5F5441470000F0B50B30154D20F017
:108F300007010024144A0FE003688B420BD38B42D5
:108F400005D95E1A43184768C3E9006700E0436823
:108F5000136002C004E0021D10680028ECD1204616
:108F6000002802D1286808B10020F0BD064A074851
:108F70001060074A121A22F00702C0E900240120FB
:108F80002860D7E7900300208C0300203C5E00207F
:108F90003860002070B50546FEF7CCF910B16FF0CF
:108FA000050404E0002415B1284601F09BF8204692
:108FB00070BD000010B5FEF7BDF910B16FF00504EB
:108FC00009E00648006820B901200449086000242F
:108FD00001E04FF0FF34204610BD000028030020C0
:108FE00070B5FEF7A7F910B16FF005041FE0114846
:108FF0000068012819D100BF801F0021002804DB70
:109000000A07130E0C4A135406E00A07150E0B4A02
:1090100000F00F031B1FD55400BF00BF02200549FD
:10902000086001F03FF9002401E04FF0FF342046D2
:1090300070BD00002803002000E400E018ED00E00F
:109040002DE9FF4780468946144600200390FEF72D
:1090500071F900284ED1B8F1000F4BD080261825A9
:109060008246471E44B3206808B1D4F800A0A06926
:1090700000B1A5692DB1382D03D8207900F0010089
:1090800018B1002004B0BDE8F087606908B16069DC
:109090008608A06840B1E0685C2805D3206918B153
:1090A000606908B1012708E0A06830B9E06820B91C
:1090B000206910B9002700E00027012F0CD1216999
:1090C000A0684B463246CDE90051029051464046D9
:1090D00001F0CAFD03900DE067B903A8B2B24B4698
:1090E0005146CDE90050404601F08CFD012801D0E9
:1090F000002003900398C5E72DE9F04105460E4690
:109100001648076816480068001D00F030FE681C0D
:1091100038B936B112480168091D124800F07EFEC8
:109120001AE07C190E4800684460BC4207D20C4823
:109130000168091D0C48006800F056FE0CE0084864
:109140000168091D0948006800F04EFE08480068E3
:10915000844201D206480460BDE8F081EC020020A0
:10916000D8020020A0100020E0020020DC02002035
:109170000803002010B5044600F05CFE2448006897
:10918000401C234908602348006840B92148046016
:109190000846006801280DD100F0FCF90AE01E48DD
:1091A000006838B91B480068C06AE16A884201D883
:1091B0001848046019480068401C184908600846AF
:1091C000006860641649E06A0968884202D9144957
:1091D000E06A0860E16A01EB8101124A02EB81005A
:1091E000211D00F01BFE00F04FFE0B48006868B127
:1091F00008480068C06AE16A884207D24FF0805090
:1092000009490860BFF34F8FBFF36F8F10BD000097
:10921000E8020020D8020020F4020020040300200D
:10922000F0020020F00B002004ED00E008B500F093
:1092300001FE12480068E8B9114800F0C5FD114868
:1092400000F0C2FD0E48104908600E480F49086042
:1092500000200F4B0F4A102100900A2001F0C9F99D
:10926000064908600846006820B10BA10348006861
:1092700000F0CAFE00F008FE08BD00001C0300203C
:10928000B4100020C8100020140300201803002090
:10929000DC1000202C110020546D725100000000E1
:1092A00010B516E000F0C6FD0C48C068C468201D6B
:1092B00000F05DFD0A480068401E09490860094841
:1092C0000068401E0749086000F0DEFD204600F0FF
:1092D0005FF8044800680028E4D110BD8C1000201D
:1092E000E8020020E402002070B504460D46206C20
:1092F00070B1216CE0680144E160D4E90210884259
:1093000001D32168E1602846226CE168F6F7EBFFA3
:1093100070BD2DE9F04104460F4615464FF0000898
:10932000A66B206C48B9206800282CD1A06801F0F9
:1093300051FF80460020A06025E07DB93946226CAF
:109340006068F6F7D0FF216C606808446060D4E97B
:109350000101884217D32068606014E03946226C0E
:10936000E068F6F7C0FF216CE068411AE16021680F
:10937000E068884203D2216CA068411AE160022DA6
:1093800001D106B1761E701CA0634046BDE8F08195
:1093900010B5044694F8590030B9206B00F092FDE6
:1093A000204600F08FFD1AE094F85900012803D1FF
:1093B000204600F087FD12E094F85900022801D100
:1093C000012000E0002050B900BF502080F3118838
:1093D000BFF34F8FBFF36F8F00BF00BFFEE710BD1D
:1093E0000146084A126812680AB9012200E0002208
:1093F0000A600A6822B9034A1268D268106800E05D
:10940000002070471403002030B54FF47053174804
:1094100000F007042CB1C01D20F00700134C041B02
:109420001B1B0246124C22600024114D6C60D018A8
:10943000083820F007000F4C206000240D4D2D68E7
:109440006C600C4D2D682C601146441A4C60094C20
:1094500024680C60084D4C682C60084D4C682C60EA
:109460004FF00044064D2C6030BD000084180020F1
:109470002C030020340300203C030020380300208C
:109480004803002000BFFFF70BFF064800680128D3
:10949000F9D94FF0805004490860BFF34F8FBFF3F4
:1094A0006F8FF0E7F00B002004ED00E02DE9F041B4
:1094B00006460D4617469846069C0DB9246000E006
:1094C0002760E66325640121204601F003F984F852
:1094D0004C80BDE8F0812DE9F05F82460E46904653
:1094E0009B460A9F0C9C4FEA8801A522206BF6F749
:1094F0000CFFA8F10100216B01EB800929F007099D
:1095000009F0070008B9012000E0002050B900BFB1
:10951000502080F31188BFF34F8FBFF36F8F00BFD0
:1095200000BFFEE786B1002507E0715D04F134005D
:109530004155705D00B902E06D1C102DF5D300BFE0
:1095400000214320015502E0002084F83400382F28
:1095500000D33727E762E76400202065201D00F074
:1095600040FC04F1180000F03CFC2461C7F1380015
:10957000A06164620020606584F858005A46514634
:10958000484600F071FB20600B9808B10B9804600E
:10959000BDE8F09F10B5002407E004EB84010F4AFA
:1095A00002EB810000F010FC641C382CF5D30C4851
:1095B00000F00AFC0B4800F007FC0B4800F004FC2C
:1095C0000A4800F001FC0A4800F0FEFB0448094983
:1095D000086004480849086010BD0000F00B002036
:1095E0005010002064100020781000208C10002003
:1095F000A0100020DC020020E002002010B501468F
:10960000164800E0006803688B42FBD302464368BB
:1096100013448B4204D143684C68234443600146A1
:109620000A464B6813440468A34211D10C4C0368EA
:109630002468A34208D04B680468646823444B60E4
:1096400003681B680B6005E0054B1B680B6001E0BD
:1096500003680B60884200D0016010BD2C0300201D
:10966000340300202DE9F04104460D4616461F46FE
:109670004FF0000865602461B5420CD8F01BA16969
:10968000884202D34FF0010811E0211D094800680B
:1096900000F0AAFB0BE0BE4204D2BD4202D34FF061
:1096A000010804E0211D0448006800F09DFB4046CD
:1096B000BDE8F081180300201403002070B50546B2
:1096C00000F0B8FBA86B08B9012400E0002400F00A
:1096D000DBFB204670BD70B5054600F0ABFBA86B08
:1096E000E96B884201D1012400E0002400F0CCFBAA
:1096F000204670BDF8B505460F461A480068C06898
:10970000C468201D00F033FB94F8280000F004002A
:10971000E8B1A06941192B463A462046FFF7A2FF5F
:10972000D8B1002003462A4601460090204601F0A9
:10973000ADFE064656B900BF502080F31188BFF336
:109740004F8FBFF36F8F00BF00BFFEE705E094F8B7
:10975000280020F0010084F828002046216A88476C
:10976000F8BD000014030020F0B587B0A0E0039816
:10977000002811DA04AE56B900BF502080F31188DA
:10978000BFF34F8FBFF36F8F00BF00BFFEE7D6E977
:109790000020B168904700BF03980028E6DB059CD5
:1097A000606908B9012000E0002010B9201D00F018
:1097B000DEFA02A800F0DEF8054603980A2875D202
:1097C000DFE800F009050739416306083A4200BFA7
:1097D00000BF00BF00BF94F8280040F0010084F8EB
:1097E00028000498A269811803462A462046FFF7FC
:1097F00039FFF8B12046216A884794F8280000F024
:109800000400B8B1002000900498A1694218002318
:109810001946204601F03AFE074657B900BF5020CE
:1098200080F31188BFF34F8FBFF36F8F00BF00BF6E
:10983000FEE700BF3BE000BF94F8280020F00100E5
:1098400084F8280033E000BF94F8280040F00100BD
:1098500084F828000498A061A06908B1012000E004
:10986000002050B900BF502080F31188BFF34F8F04
:10987000BFF36F8F00BF00BFFEE7A06941192B4601
:109880002A462046FFF7EEFE11E094F8280000F08B
:10989000020018B9204600F015FB05E094F82800F6
:1098A00020F0010084F8280001E0FFE700BF00BFBE
:1098B000002203A90448006801F0AAF800287FF4F8
:1098C00056AF07B0F0BD00001C030020F8B50546F8
:1098D0000C4600F043FD684600F04CF80646009840
:1098E00020BB44B9B54206D801F012FD31462846E6
:1098F000FFF700FF1CE03CB10E480068006808B9A3
:10990000012000E000200446A91B22460A48006806
:1099100000F0C2FB01F0FCFC50B94FF08050074949
:109920000860BFF34F8FBFF36F8F01E001F0F0FCD1
:10993000F8BD0000180300201C03002004ED00E027
:109940000A490968096809B9012100E0002121B12B
:109950004FF0FF31064A116006E004490968C96802
:10996000C868034A4168116070470000DC020020AB
:109970000803002070B5044601F02AFB054607489D
:109980000068854204D200F00BF80120206001E05D
:109990000020206001480560284670BD2403002097
:1099A0002DE9F84334E025480068C068056823487D
:1099B0000068C068C468201D00F0D9F92046216AFB
:1099C000884794F8280000F0040008B3A0694619FD
:1099D000AE4207D966602461211D1848006800F076
:1099E00003FA15E0002003462A460146009020466F
:1099F00001F04CFD074657B900BF502080F3118895
:109A0000BFF34F8FBFF36F8F00BF00BFFEE700BFF4
:109A10000A480068006808B9012000E0002000281A
:109A2000C1D00648D0F800800548006803490860A6
:109A30000348C0F80080BDE8F8830000140300204C
:109A4000180300200E480068401C08B9012000E0FF
:109A5000002050B900BF502080F31188BFF34F8F12
:109A6000BFF36F8F00BF00BFFEE700BF502080F341
:109A70001188BFF34F8FBFF36F8F00BF00BFFEE7AA
:109A80004C03002008B500BF6846FFF7A9FC044658
:109A900020460099FFF71AFFFFF766FEF4E770B55E
:109AA000044600F0C7F994F9455010E0606A08B91F
:109AB000012000E0002038B904F1240001F0DCFBB3
:109AC00018B100F0ADFB00E003E0681E45B2002DC8
:109AD000ECDC00BFFF2084F8450000F0D5F900F071
:109AE000A9F994F9445010E0206908B9012000E078
:109AF000002048B904F1100001F0BEFB08B100F0ED
:109B00008FFB681E45B200E001E0002DECDC00BFD9
:109B1000FF2084F8440000F0B7F970BD2DE9F04152
:109B200004464FF0000800F019FC4948006808B9E5
:109B3000FFF76AFC474800682040002870D1D4B184
:109B4000083404F00700B0B104F00700C0F10800C9
:109B5000044404F0070008B9012000E0002050B9D7
:109B600000BF502080F31188BFF34F8FBFF36F8F7A
:109B700000BF00BFFEE7002C52D037480068844287
:109B80004ED8364E3046056801E02E462D6868688E
:109B9000A04202D228680028F7D12D4800688542EB
:109BA0003ED0306800F10808286830606868001B03
:109BB000102819D92F1907F0070008B9012000E073
:109BC000002050B900BF502080F31188BFF34F8FA1
:109BD000BFF36F8F00BF00BFFEE76868001B7860AF
:109BE0006C603846FFF70AFD1B4968680968081A67
:109BF000194908600846006819490968884203D273
:109C000015480068164908601249686809680843E1
:109C100068600020286013480068401C11490860F3
:109C200001F076FB08F0070008B9012000E00020F1
:109C300050B900BF502080F31188BFF34F8FBFF39E
:109C40006F8F00BF00BFFEE74046BDE8F081000017
:109C50003403002048030020380300202C03002098
:109C60003C03002040030020001F4FF0807303607E
:109C7000001F21F001030360001F054B036014382F
:109C80000260001F6FF0020303602038704700007D
:109C9000459A000810B502460024107804280AD01E
:109CA000002304E0C85C08B1012010BD5B1C082B38
:109CB000F8DB0420F9E790780A2801DD0120F4E7B9
:109CC0009078401E00EBC00303EB0010164B03EB33
:109CD0008000086006200871107920B900204871C2
:109CE0000120887115E01079012804D10020487105
:109CF000022088710DE0D07820B90020487106203C
:109D0000887106E0D078012803D100204871052031
:109D100088710020C87101200872002048721079F3
:109D200088722046C1E70000C807002002460020D4
:109D3000704770B504462046F9F72CFF05460DB173
:109D4000012070BD0020FCE770B504462046F9F7FD
:109D500075FF05460DB1012070BD204600F002F8E8
:109D60000020F9E7014600200A685062704701466A
:109D70000A69D1E901309860D1E90103586050685F
:109D8000884201D188685060002008611068401E38
:109D90001060106870470000034B0360034B0B60BA
:109DA0008023136070470000CC110020281200208F
:109DB000034B0360034B0B604FF4807313607047D9
:109DC000281400208414002000F1080141604FF0A5
:109DD000FF31816000F10801C16001610021016073
:109DE000704700210161704710B502460B685C1C8A
:109DF0000CB9106907E002F1080000E0406844680F
:109E000024689C42FAD944684C604C68A160886020
:109E100041600A611468641C146010BD42684A60A5
:109E200093688B60936859609160086103685B1C5C
:109E30000360704700BF502080F31188BFF34F8F3D
:109E4000BFF36F8F00BF0E480068401C0C490860CC
:109E500008460068012812D10A480068C0B208B953
:109E6000012000E0002050B900BF502080F311888D
:109E7000BFF34F8FBFF36F8F00BF00BFFEE7704788
:109E80004C03002004ED00E00D48006850B900BF0D
:109E9000502080F31188BFF34F8FBFF36F8F00BF47
:109EA00000BFFEE706480068401E054908600846F6
:109EB000006820B9002080F3118800BF00BF704700
:109EC0004C03002070B506463546002E44D0083DB0
:109ED0002C46224960680968084008B1012000E06A
:109EE000002050B900BF502080F31188BFF34F8F7E
:109EF000BFF36F8F00BF00BFFEE7206808B90120E5
:109F000000E0002050B900BF502080F31188BFF35B
:109F10004F8FBFF36F8F00BF00BFFEE70F49606830
:109F200009680840C0B12068B0B90C496068096888
:109F30008843606000F012FA0949606809680844C3
:109F4000074908602046FFF759FB06480068401C97
:109F50000449086001F0DCF970BD000048030020EE
:109F6000380300204403002000204FF0E021086166
:109F70008861064800684FF47A71B0FBF1F0401E2A
:109F80004FF0E0214861072008617047D4020020AB
:109F900070B5F6F761F90446102C16D304F1E020F1
:109FA00090F8F05315480078854201DB012000E06D
:109FB000002050B900BF502080F31188BFF34F8FAD
:109FC000BFF36F8F00BF00BFFEE70D48006800F4CD
:109FD000E0600C490968884201D8012000E00020B7
:109FE00050B900BF502080F31188BFF34F8FBFF3EB
:109FF0006F8F00BF00BFFEE770BD00005003002060
:10A000000CED00E054030020024600200BE0084B5A
:10A0100053F8303033B9064B43F8301003EBC0032C
:10A020005A6002E0401C0828F1D300BF70470000CE
:10A03000B00B002070B50446254655B900BF50202E
:10A0400080F31188BFF34F8FBFF36F8F00BF00BF46
:10A05000FEE7284600F008F895F8460010B92846B3
:10A06000FFF730FF70BD0000014600200EE0094AF6
:10A0700002EBC00252688A4207D10022054B43F826
:10A08000302003EBC0035A6002E0401C0828EED3E6
:10A0900000BF7047B00B00202DE9F04105460E4689
:10A0A00017462C46FFF7C6FE94F94400401C10B931
:10A0B000002084F8440094F94500401C10B90020A9
:10A0C00084F84500FFF7E0FEA06B28B93A46314618
:10A0D00004F1240000F0C6F82046FFF7E0FCBDE8DC
:10A0E000F081000070B504460025D4B11248006824
:10A0F00008B9012000E0002050B900BF502080F3D3
:10A100001188BFF34F8FBFF36F8F00BF00BFFEE713
:10A1100000F024F900212046FEF7EEFF01F0F8F8E8
:10A1200005463DB94FF0805004490860BFF34F8F9A
:10A13000BFF36F8F70BD00001003002004ED00E03E
:10A1400070B50546FFF776FE15B92748006800E0B0
:10A1500028460446201DFFF70AFEA06A18B104F144
:10A160001800FFF704FE21480068401C1F490860E2
:10A170001D480068844209D1211D1D48FFF74EFE8D
:10A180001C480068401C1B49086009E01A48006828
:10A19000401E194908602046FFF7FAF8FFF7D0FB88
:10A1A000FFF772FE15480068E8B10F480068844266
:10A1B00019D11348006808B9012000E0002050B907
:10A1C00000BF502080F31188BFF34F8FBFF36F8F14
:10A1D00000BF00BFFEE74FF080500A490860BFF3A0
:10A1E0004F8FBFF36F8F70BDD80200200403002093
:10A1F0008C100020E4020020E8020020F40200207D
:10A200001003002004ED00E00349096801600349E0
:10A21000096841607047000000030020EC02002044
:10A220000120014908607047FC02002070B5044617
:10A230000D4654B900BF502080F31188BFF34F8FF3
:10A24000BFF36F8F00BF00BFFEE7054801681831FC
:10A250002046FFF7C9FD01212846FEF74DFF70BDDE
:10A26000D802002070B505460E46144655B900BF09
:10A27000502080F31188BFF34F8FBFF36F8F00BF63
:10A2800000BFFEE70648016818312846FFF7C6FD03
:10A290000CB14FF0FF3621463046FEF72DFF70BD62
:10A2A000D802002010B586B000200590049003AAC3
:10A2B00004A905A8FFF770FD0022DDE9041013468C
:10A2C000CDE9002102901EA11F48039A00F0CCFCAA
:10A2D0001E4908600846006808B1012400E0002417
:10A2E000012C02D101F096F80446012C15D100BFD3
:10A2F000502080F31188BFF34F8FBFF36F8F00BFE3
:10A300004FF0FF3012490860012012490860002018
:10A310001149086000F072F810E0601C08B10120DB
:10A3200000E0002050B900BF502080F31188BFF337
:10A330004F8FBFF36F8F00BF00BFFEE706B010BDA9
:10A3400049444C4500000000859400080C0300209F
:10A3500008030020F4020020EC02002002480068FC
:10A36000401C014908607047100300201E48006827
:10A3700018B101201D49086034E000201B49086025
:10A380001B4801680CE051B900BF502080F31188D0
:10A39000BFF34F8FBFF36F8F00BF00BFFEE7491EB3
:10A3A00001EB8100134A52F8200008B9012000E0B7
:10A3B00000200028E7D101EB81020E4B03EB820065
:10A3C00042685268426000F108024368934202D139
:10A3D0004268526842604268D268074B1A6004487B
:10A3E000016000BF7047000010030020FC02002045
:10A3F000F0020020F00B0020D80200201CB55248CB
:10A4000000685249884201D0012000E0002050B984
:10A4100000BF502080F31188BFF34F8FBFF36F8FC1
:10A4200000BF00BFFEE7484800684849491E88420F
:10A4300001D0012000E0002050B900BF502080F37F
:10A440001188BFF34F8FBFF36F8F00BF00BFFEE7D0
:10A450003F49084600780190FF200A4610700846E0
:10A46000007800909DF8000000F0F0009DF80020BA
:10A47000904201D1012000E0002050B900BF5020DF
:10A4800080F31188BFF34F8FBFF36F8F00BF00BF02
:10A49000FEE79DF8000000F050002E4A10700720E3
:10A4A0002D4A106009E02C480068401E2A4A1060BE
:10A4B0009DF800004006000E00909DF8000000F09E
:10A4C00080008028EFD024480068C0F107000428ED
:10A4D00001D1012000E0002050B900BF502080F3DE
:10A4E0001188BFF34F8FBFF36F8F00BF00BFFEE730
:10A4F000194800680002184A10601046008800F4ED
:10A50000E0601060124A019810700F482030006817
:10A5100040F470000C49203108600846006840F0A3
:10A5200070400860FFF720FD00200C490860F5F737
:10A530005BFE0B48006840F0404009490860F5F7B1
:10A540003FFE00201CBD000000ED00E071C20F4185
:10A5500000E400E050030020540300204C030020DE
:10A5600034EF00E010B500BF502080F31188BFF336
:10A570004F8FBFF36F8F00BF00F03AFD18B14FF05F
:10A5800080500449086000BF002080F3118800BF9C
:10A5900010BD000004ED00E02DE9F84305460E462D
:10A5A00017460DB1012000E0002050B900BF502037
:10A5B00080F31188BFF34F8FBFF36F8F00BF00BFD1
:10A5C000FEE705FB06F808F15000FFF7A7FA04467E
:10A5D00064B1A14609F15009002084F846003B46C9
:10A5E0004A46314628460094FEF760FF2046BDE803
:10A5F000F8832DE9F84380460E4617461D46DDF8E0
:10A600002090B8F1000F01D0012000E0002050B9E7
:10A6100000BF502080F31188BFF34F8FBFF36F8FBF
:10A6200000BF00BFFEE70DB1012000E0002050B9DF
:10A6300000BF502080F31188BFF34F8FBFF36F8F9F
:10A6400000BF00BFFEE707B10EB1012000E000200F
:10A6500050B900BF502080F31188BFF34F8FBFF374
:10A660006F8F00BF00BFFEE707B90EB9012000E001
:10A67000002050B900BF502080F31188BFF34F8FE6
:10A68000BFF36F8F00BF00BFFEE75020009000981F
:10A69000502801D1012000E0002050B900BF502017
:10A6A00080F31188BFF34F8FBFF36F8F00BF00BFE0
:10A6B000FEE700BF2C464CB1012084F846004B4613
:10A6C0003A46314640460094FEF7F0FE2046BDE88B
:10A6D000F883000070B505460E462C4654B900BFFD
:10A6E000502080F31188BFF34F8FBFF36F8F00BFEF
:10A6F00000BFFEE7FFF79EFBD4E90F12206801FBC5
:10A700000200A0600020A06320686060E06B401E33
:10A71000226C216800FB0211E160FF2084F84400F4
:10A7200084F845009EB9206908B9012000E00020A6
:10A73000A8B904F1100000F09FFD80B14FF08050E7
:10A7400009490860BFF34F8FBFF36F8F07E004F133
:10A750001000FFF739FB04F12400FFF735FBFFF78A
:10A7600093FB012070BD000004ED00E02DE9FF43E4
:10A7700083B0064688461D464FF00009344654B95A
:10A7800000BF502080F31188BFF34F8FBFF36F8F4E
:10A7900000BF00BFFEE7B8F1000F01D1206C08B97F
:10A7A000012000E0002050B900BF502080F3118844
:10A7B000BFF34F8FBFF36F8F00BF00BFFEE7022DC7
:10A7C00002D1E06B012801D1012000E0002050B946
:10A7D00000BF502080F31188BFF34F8FBFF36F8FFE
:10A7E00000BF00BFFEE700F0E3FB08B9059808B919
:10A7F000012000E0002050B900BF502080F31188F4
:10A80000BFF34F8FBFF36F8F00BF00BFFEE700BFE6
:10A81000FFF710FBA06BE16B884201D3022D28D11A
:10A820002A4641462046FEF774FD0746606A08B98D
:10A83000012000E0002068B904F1240000F01CFDB4
:10A8400088B14FF0805032490860BFF34F8FBFF39B
:10A850006F8F08E03FB14FF080502D490860BFF383
:10A860004F8FBFF36F8FFFF70FFB012007B0BDE8DD
:10A87000F083059818B9FFF707FB0020F6E7B9F158
:10A88000000F04D101A8FFF7BFFC4FF00109FFF74B
:10A89000FBFAFFF763FDFFF7CDFA94F94400401C83
:10A8A00010B9002084F8440094F94500401C10B908
:10A8B000002084F84500FFF7E7FA05A901A800F099
:10A8C0005BF9F0B92046FEF706FFA0B104F11000D5
:10A8D0000599FFF7ABFC2046FFF7E1F800F018FD03
:10A8E000002895D14FF0805009490860BFF34F8F81
:10A8F000BFF36F8F8CE72046FFF7D1F800F008FD1B
:10A9000086E72046FFF7CBF800F002FD0020ADE718
:10A9100004ED00E02DE9F84F07468A4690461E46B2
:10A920003C4654B900BF502080F31188BFF34F8FCD
:10A93000BFF36F8F00BF00BFFEE7BAF1000F01D178
:10A94000206C08B9012000E0002050B900BF502061
:10A9500080F31188BFF34F8FBFF36F8F00BF00BF2D
:10A96000FEE7022E02D1E06B012801D1012000E0B8
:10A97000002050B900BF502080F31188BFF34F8FE3
:10A98000BFF36F8F00BF00BFFEE7FFF701FB00BF03
:10A990005021EFF3118081F31188BFF34F8FBFF384
:10A9A0006F8F00BF0546A06BE16B884201D3022E7A
:10A9B00025D194F945B0A06B00903246514620460F
:10A9C000FEF7A7FC0BF1010088B9606A08B9012005
:10A9D00000E0002050B904F1240000F04DFC28B143
:10A9E000B8F1000F02D00120C8F8000004E00BF11C
:10A9F000010040B284F845004FF0010901E04FF03A
:10AA0000000900BF85F3118800BF4846BDE8F88FF4
:10AA10002DE9F74183B005460E464FF000082C465D
:10AA200054B900BF502080F31188BFF34F8FBFF39C
:10AA30006F8F00BF00BFFEE70EB9206C08B9012080
:10AA400000E0002050B900BF502080F31188BFF310
:10AA50004F8FBFF36F8F00BF00BFFEE700F0A8FA73
:10AA600008B9059808B9012000E0002050B900BFDE
:10AA7000502080F31188BFF34F8FBFF36F8F00BF5B
:10AA800000BFFEE700BFFFF7D5F9A76BF7B131466E
:10AA90002046FEF729FC781EA063206908B9012032
:10AAA00000E0002060B904F1100000F0E5FB38B1CF
:10AAB0004FF080502F490860BFF34F8FBFF36F8F67
:10AAC000FFF7E2F9012006B0BDE8F081059818B95A
:10AAD000FFF7DAF90020F6E7B8F1000F04D101A87A
:10AAE000FFF792FB4FF00108FFF7CEF9FFF736FCB6
:10AAF000FFF7A0F994F94400401C10B9002084F835
:10AB0000440094F94500401C10B9002084F8450029
:10AB1000FFF7BAF905A901A800F02EF8F0B9204610
:10AB2000FEF7CCFDA0B104F124000599FFF77EFBF0
:10AB30002046FEF7B4FF00F0EBFB0028A3D14FF056
:10AB400080500C490860BFF34F8FBFF36F8F9AE7B7
:10AB50002046FEF7A4FF00F0DBFB94E72046FEF75B
:10AB60009EFF00F0D5FB2046FEF7A8FD00288AD006
:10AB70000020A8E704ED00E070B505460C4655B985
:10AB800000BF502080F31188BFF34F8FBFF36F8F4A
:10AB900000BF00BFFEE754B900BF502080F311880A
:10ABA000BFF34F8FBFF36F8F00BF00BFFEE7FFF70C
:10ABB00041F9124802686868131A2068401C08B9F5
:10ABC000002617E00E4928680968884204D06868A2
:10ABD000904201D801260DE02068984207D92068EC
:10ABE000C01A20602846FFF70FFB002602E0002075
:10ABF00020600126FFF748F9304670BDEC020020C6
:10AC0000000300202DE9FF4F85B080468946174696
:10AC1000DDE912ABB800FEF781FF064656B15C20B5
:10AC2000FEF77CFF04460CB1266304E03046FFF7D4
:10AC300049F900E000248CB1002084F85900CDE9E6
:10AC400000ABCDE902403A4649464046089BFEF734
:10AC500042FC2046FEF78EFA012501E04FF0FF3559
:10AC6000284609B0BDE8F08F2DE9F04F85B00746C2
:10AC7000884691469A46DDE90EB6109C0EB1012039
:10AC800000E0002050B900BF502080F31188BFF3CE
:10AC90004F8FBFF36F8F00BF00BFFEE70CB10120E5
:10ACA00000E0002050B900BF502080F31188BFF3AE
:10ACB0004F8FBFF36F8F00BF00BFFEE75C20039094
:10ACC00003985C2801D1012000E0002050B900BFAA
:10ACD000502080F31188BFF34F8FBFF36F8F00BFF9
:10ACE00000BFFEE700BFB4B1AEB125462C462E63CF
:10ACF000022085F85900002004A953464A46CDE9B0
:10AD000000B1CDE9025041463846FEF7E4FB284643
:10AD1000FEF730FA01E000200490049805B0BDE889
:10AD2000F08F00002DE9F04706460D46174698467D
:10AD30004FF0010A56B900BF502080F31188BFF3CD
:10AD40004F8FBFF36F8F00BF00BFFEE73446FFF7A2
:10AD500071F8B8F1000F02D0606DC8F8000094F8E7
:10AD60005890022084F85800052F17D2DFE807F02A
:10AD70001503070B0D00606D2843606521E0606DD1
:10AD8000401C60651DE065651BE0B9F1020F01D054
:10AD9000656501E04FF0000A13E012E0606D401CB1
:10ADA00008B9012000E0002050B900BF502080F316
:10ADB0001188BFF34F8FBFF36F8F00BF00BFFEE757
:10ADC00000BF00BFB9F1010F32D1201DFEF7CFFF48
:10ADD0001A49E06A0968884202D91849E06A08609D
:10ADE000E16A01EB8101164A02EB8100211DFFF7A8
:10ADF00015F8A06A08B9012000E0002050B900BF92
:10AE0000502080F31188BFF34F8FBFF36F8F00BFC7
:10AE100000BFFEE70B49E06A0968C96A884207D9A2
:10AE20004FF0805008490860BFF34F8FBFF36F8F1A
:10AE3000FFF72AF85046BDE8F0870000F002002036
:10AE4000F00B0020D802002004ED00E02DE9F84FBF
:10AE500007460E4690469946DDF828B0012000903E
:10AE600057B900BF502080F31188BFF34F8FBFF355
:10AE70006F8F00BF00BFFEE7FFF78AF83C4600BFB8
:10AE80005021EFF3118081F31188BFF34F8FBFF38F
:10AE90006F8F00BF0546B9F1000F02D0606DC9F891
:10AEA000000094F858A0022084F85800B8F1050F6B
:10AEB00017D2DFE808F01503070B0D00606D304373
:10AEC000606521E0606D401C60651DE066651BE00B
:10AED000BAF1020F01D0666501E00020009013E096
:10AEE00012E0606D401C08B9012000E0002050B95C
:10AEF00000BF502080F31188BFF34F8FBFF36F8FD7
:10AF000000BF00BFFEE700BF00BFBAF1010F3CD198
:10AF1000A06A08B9012000E0002050B900BF50200D
:10AF200080F31188BFF34F8FBFF36F8F00BF00BF57
:10AF3000FEE719480068A0B9201DFEF718FF174961
:10AF4000E06A0968884202D91449E06A0860E16A47
:10AF500001EB8101124A02EB8100211DFEF75EFF29
:10AF600004E004F118010F48FEF758FF0E49E06AAB
:10AF70000968C96A884208D9BBF1000F02D00120D4
:10AF8000CBF8000001200949086000BF85F3118853
:10AF900000BF0098BDE8F88F10030020F0020020E9
:10AFA000F00B002078100020D8020020FC020020C6
:10AFB0000549096809B9012005E00449096809B98A
:10AFC000022000E000207047F4020020100300205F
:10AFD0000149086870470000EC02002070B5FEF7D8
:10AFE000D7FF002501480468204670BDEC02002010
:10AFF0002DE9F0414FF000084348006800287BD15C
:10B0000042480068451C4148056015BB404800683F
:10B01000006808B9012000E0002050B900BF5020AE
:10B0200080F31188BFF34F8FBFF36F8F00BF00BF56
:10B03000FEE73748076837480068354908603548F3
:10B04000076035480068401C33490860FEF778FC0B
:10B0500000BF3248006885423BD300BF2C480068DF
:10B06000006808B9012000E0002020B14FF0FF3057
:10B070002A4908602CE026480068C068C4686668F1
:10B08000B54202D22548066022E0201DFEF76FFE81
:10B09000A06A18B104F11800FEF769FE2049E06AC1
:10B0A0000968884202D91E49E06A0860E16A01EB3A
:10B0B00081011C4A02EB8100211DFEF7AFFE1A49F7
:10B0C000E06A0968C96A8842C8D34FF00108C5E739
:10B0D00000BF15480068C06A00EB8000114951F8B4
:10B0E0002000012801D94FF001081048006808B17C
:10B0F0004FF0010805E0FFE70D480068401C0C49CF
:10B1000008604046BDE8F08110030020EC020020FA
:10B11000DC020020E00200200003002008030020E1
:10B12000F0020020F00B0020D8020020FC020020DA
:10B13000F80200202DE9F0410746884614461D46D6
:10B14000FEF778FE2148006890F85800022818D0D1
:10B150001E49096801F15400496DB943016001209D
:10B160001A49096881F858005DB101212846FDF7A8
:10B17000C3FF4FF0805016490860BFF34F8FBFF3F5
:10B180006F8FFEF781FEFEF755FE1CB10F48006879
:10B19000406D20600D48006890F85800022801D0EA
:10B1A000002608E00949096801F15400496D21EAC7
:10B1B00008010160012600200449096881F858004F
:10B1C000FEF762FE3046BDE8F0810000D8020020A4
:10B1D00004ED00E070B505462C460026002D43D056
:10B1E00022480068844201D1012000E0002050B9CB
:10B1F00000BF502080F31188BFF34F8FBFF36F8FD4
:10B2000000BF00BFFEE7206D50B900BF502080F3A3
:10B210001188BFF34F8FBFF36F8F00BF00BFFEE7F2
:10B22000206D401E2065E16CE06A88421CD0206DD4
:10B23000D0B9201DFEF79BFDE06CE062E06AC0F132
:10B240003800A0610A49E06A0968884202D90849C1
:10B25000E06A0860E16A01EB8101064A02EB8100C5
:10B26000211DFEF7DBFD0126304670BDD80200200F
:10B27000F0020020F00B002070B50646F068C468AC
:10B2800054B900BF502080F31188BFF34F8FBFF334
:10B290006F8F00BF00BFFEE704F11800FEF767FDE7
:10B2A00015480068A0B9201DFEF761FD1349E06A4A
:10B2B0000968884202D91149E06A0860E16A01EB35
:10B2C00081010F4A02EB8100211DFEF7A7FD04E07A
:10B2D00004F118010B48FEF7A1FD0B49E06A09686B
:10B2E000C96A884204D9012501200849086000E0A4
:10B2F0000025284670BD000010030020F002002049
:10B30000F00B002078100020D8020020FC02002062
:10B3100070B5002400263648006850B900BF5020A0
:10B3200080F31188BFF34F8FBFF36F8F00BF00BF53
:10B33000FEE7FEF77FFD2E480068401E2C4908609E
:10B340000846006800284ED12A48006800284AD0E4
:10B3500023E02948C068C46804F11800FEF707FD1F
:10B36000201DFEF704FD2549E06A0968884202D9DC
:10B370002249E06A0860E16A01EB8101204A02EBA0
:10B380008100211DFEF74AFD1E49E06A0968C96A6D
:10B39000884202D301201C4908601748006808B998
:10B3A000012000E000200028D3D00CB1FEF7C8FA3D
:10B3B0001648056865B100BFFFF71AFE10B10120FD
:10B3C000114908606D1E002DF6D100200F4908605C
:10B3D0000D48006838B1012630070D490860BFF3F9
:10B3E0004F8FBFF36F8FFEF74FFD304670BD0000EB
:10B3F00010030020E802002078100020F002002056
:10B40000F00B0020D8020020FC020020F8020020EF
:10B4100004ED00E010B586B00024FDF707FF1648E4
:10B420000068D0B100200590049003AA04A905A8E3
:10B43000FEF7BEFC0222DDE904100023CDE9002165
:10B4400002900EA10F48039AFFF70EFC0E49086008
:10B450000846006800B1012400BF54B900BF502065
:10B4600080F31188BFF34F8FBFF36F8F00BF00BF12
:10B47000FEE7204606B010BD1C030020546D72206C
:10B4800053766300859A0008200300202DE9FF47CA
:10B4900004460D4616461F46DDF830804FF0000981
:10B4A00054B900BF502080F31188BFF34F8FBFF312
:10B4B0006F8F00BF00BFFEE71448006810B300950F
:10B4C00001960294062D15DAFFF772FD022808D1C5
:10B4D0000023424669460D480068FFF747F9814658
:10B4E00010E000231A46694608480068FFF73EF955
:10B4F000814607E000233A46694604480068FFF7A2
:10B5000009FA8146484604B0BDE8F0871C030020D4
:10B510006D61696E0000000060BB00080000000063
:10B520000000000000000000000000000002000019
:10B530001800000000000000000000005374617259
:10B540007444656661756C745461736B000000002F
:10B550006CBB0008000000000000000000000000BC
:10B5600000000000000400002F00000000000000A8
:10B57000000000004150505F5461736B5F436F6E79
:10B5800074726F6C000000007CBB000800000000BB
:10B5900000000000000000000000000000020000A9
:10B5A0002000000000000000000000008CBB00082C
:10B5B000000000000000000000000000000000008B
:10B5C0000002000018000000000000000000000061
:10B5D000ACB50008011000084150505F7463736DF2
:10B5E0005461736B004150505F5443534D5F44723C
:10B5F00069766572315F5461736B004150505F49E9
:10B600006E69740091EB07000000000000D528FF70
:10B61000F891EB030000020800000C0A696991EB45
:10B620000300000A0800006D19D8C90090BC00088A
:10B63000000000000000000000000000000000000A
:10B6400000040000200000000000000000000000D6
:10B65000B8BB00080000000000000000000000006F
:10B6600000000000000200001800000000000000C0
:10B6700000000000D0BB0008000000000000000037
:10B6800000000000000000000002000018000000A0
:10B690000000000000000000E8BB000800000000FF
:10B6A0000000000000000000000000000002000098
:10B6B00018000000000000000000000000BC0008AE
:10B6C000000000000000000000000000000000007A
:10B6D0000002000018000000000000000000000050
:10B6E00018BC00080000000000000000000000007E
:10B6F0000000000000020000180000000000000030
:10B700000000000030BC0008000000000000000045
:10B71000000000000000000000020000180000000F
:10B72000000000000000000048BC0008000000000D
:10B730000000000000000000000000000002000007
:10B7400018000000000000000000000060BC0008BD
:10B7500000000000000000000000000000000000E9
:10B7600000020000180000000000000000000000BF
:10B7700078BC00080000000000000000000000008D
:10B78000000000000002000018000000000000009F
:10B7900000000000A0BB0008000000000000000046
:10B7A000000000000000000000020000180000007F
:10B7B000000000000000000050B60008290C00083E
:10B7C00074B60008290C000898B60008290C000877
:10B7D000BCB60008290C0008E0B60008290C0008D7
:10B7E00004B70008290C000828B70008290C000835
:10B7F0004CB70008290C000870B70008290C000895
:10B8000094B70008290C00084150505F53595F4D10
:10B810004F544F525461736B004150505F53595F06
:10B820004D4F544F525F4472697665725F54617335
:10B830006B000000A8BC0008000000000000000031
:10B8400000000000000000000002000018000000DE
:10B8500000000000000000005F6170705F646F6FA7
:10B86000725F6F70656E005F6170705F646F6F72A2
:10B870005F636C6F73650000B4BC000800000000DB
:10B8800000000000000000000000000000020000B6
:10B890001800000000000000000000004150505F50
:10B8A00070726F62655461736B005F6170705F707E
:10B8B000726F62655F6F70656E005F6170705F7060
:10B8C000726F62655F636C6F7365005443534D5FC5
:10B8D00068616E646C65725F696E73740054435383
:10B8E0004D5F434F4E5F54455354005443534D5F97
:10B8F0005245534554000000C15200088D500008C5
:10B9000029510008795A0008E15800081955000823
:10B91000A15500086D590008718C000853595F4DFE
:10B920004F544F525F6472697665725F496E7374EB
:10B930000053595F4D4F544F525F52455345540089
:10B9400053595F4D4F544F525F4173706972617428
:10B95000650053595F4D4F544F525F446973706592
:10B960006E73650053595F4D4F544F525F73746F40
:10B97000700053595F4D4F544F525F7365745F634E
:10B9800068616E6E656C0053595F4D4F544F525F46
:10B990006765745F6368616E6E656C0053595F4DD7
:10B9A0004F544F525F6765745F7374657000000099
:10B9B000000303EE0001000053595F4D4F544F52F6
:10B9C0005F7365745F737065656400000003000950
:10B9D00000000000696E65725F696E6974005359FA
:10B9E0005F4D4F544F525F68616E646C65725F6962
:10B9F0006E69740053595F4D4F544F525F68616ECA
:10BA0000646C65725F696E73740000061016000640
:10BA100010160000000000000000010203040607E9
:10BA200008090000000001020304303132333435CC
:10BA30003637383941424344454600000000000093
:10BA40005454522052454747455300303132333425
:10BA50003536373839414243444546656C6F675F38
:10BA6000737461727400656C6F675F73746F7000DC
:10BA7000656C6F675F7365745F6F75747075745F05
:10BA8000656E61626C656400656C6F675F73657499
:10BA90005F746578745F636F6C6F725F656E61620F
:10BAA0006C656400656C6F675F7365745F666D7469
:10BAB00000656C6F675F7365745F66696C7465724F
:10BAC00000656C6F675F7365745F66696C7465723F
:10BAD0005F6C766C00656C6F675F7365745F666939
:10BAE0006C7465725F7461675F6C766C00656C6F17
:10BAF000675F6765745F66696C7465725F746167C0
:10BB00005F6C766C00656C6F675F6F7574707574D1
:10BB1000006765745F666D745F656E61626C656415
:10BB200000656C6F675F66696E645F6C766C00655C
:10BB30006C6F675F66696E645F74616700656C6FE8
:10BB4000675F73747263707900656C6F675F6370B1
:10BB5000796C6E00656C6F675F6D656D6370790001
:10BB600064656661756C745461736B005461736BCA
:10BB70005F436F6E74726F6C000000004150505F45
:10BB80005443534D5F5461736B5F31004150505FBC
:10BB90005443534D5F447269766572310000000072
:10BBA0004150505F53595F4D4F544F525F4472693B
:10BBB00076657231300000004150505F53595F4D3F
:10BBC0004F544F525F447269766572310000000035
:10BBD0004150505F53595F4D4F544F525F4472690B
:10BBE00076657232000000004150505F53595F4D3E
:10BBF0004F544F525F447269766572330000000003
:10BC00004150505F53595F4D4F544F525F447269DA
:10BC100076657234000000004150505F53595F4D0B
:10BC20004F544F525F4472697665723500000000D0
:10BC30004150505F53595F4D4F544F525F447269AA
:10BC400076657236000000004150505F53595F4DD9
:10BC50004F544F525F44726976657237000000009E
:10BC60004150505F53595F4D4F544F525F4472697A
:10BC700076657238000000004150505F53595F4DA7
:10BC80004F544F525F44726976657239000000006C
:10BC90004150505F53595F4D4F544F525F48616E52
:10BCA000646C6572000000004150505F646F6F72F9
:10BCB0005F3100004150505F70726F62655F31000C
:10BCC0005443534D5F68616E646C65725F696E7357
:10BCD000743A2068616E646C6572206973204E55F9
:10BCE0004C4C2020202020202020202020202020FC
:10BCF00020202020202020617420257320617420C2
:10BD00002564000053595F4D4F544F525F68616E78
:10BD1000646C65725F696E697420697320737472F4
:10BD20006174696E672E2E2E202020202020202076
:10BD3000202020202020202020202020202061746E
:10BD400020257320617420256400000053595F4D45
:10BD50004F544F525F68616E646C65725F696E73B9
:10BD6000743A2068616E646C6572206973204E5568
:10BD70004C4C20202020202020202020202020206B
:10BD80002020202020202061742025732061742031
:10BD90002564000053595F4D4F544F525F68616EE8
:10BDA000646C65725F696E69742069732073756372
:10BDB0006365737366756C2020202020202020206E
:10BDC00020202020202020202020202061742025D9
:10BDD000732061742025640053595F4D4F544F52B6
:10BDE0005F68616E646C65725F696E7374206973FD
:10BDF000207375636365737366756C202020202043
:10BE00002020202020202020202020202020202032
:10BE1000617420257320617420256400412F000087
:10BE2000442F0000452F0000492F0000562F00002E
:10BE3000572F000033313B32326D000033323B323A
:10BE4000326D000033333B32326D000033343B320D
:10BE5000326D000033353B32326D000033363B32F9
:10BE6000326D000084BE0008000000209403000032
:10BE70005A08000800C0000894030020A4600000D5
:10BE80004A730008114510024010140802405A017C
:10BE90000842025910192042081A0C1032805A1810
:10BEA0003019085A20085A4008291F2908693839CA
:10BEB000201A0410294129084A0418394829082958
:10BEC00039290839295968190839601908391719A1
:10BED0000839601908396019A069B06960296F29AB
:10BEE0000839B719082967115A14782908293129FE
:10BEF00008293129082951290859D0394019883988
:10BF00006819583928290829112908592839081980
:10BF10006049A80116F211091A2C011813E94B1BEC
:10BF200008A50413615F1B08B90813855D14082177
:10BF30002D1408958F1408C963140803641B08F1B5
:10BF4000081AB1201A75041ADB0413E5601B08C334
:10BF5000041A8D041AAB041394011B20AC04811A3B
:10BF60005D481A050413BD511B0831081A8D041AC7
:10BF7000150C69584B5D53AB1A85081329521B08E1
:10BF8000E91C1A4F081AA1041A7F04411A6D081AF5
:10BF9000E8548B04025801115D100240010842026E
:10BFA0003C1802403E29085A1008293E2908324010
:10BFB0003C0C02405D1908291F3918293929085AF3
:10BFC000045302162713E4038C202C048C294039D7
:10BFD0007C037524F41AAA0181131CBE1B082404D7
:10BFE0001A30041A28041A20041A2C041A54041AA9
:10BFF00034041A44041A5C041A3C041A4C04C100A8
:040000050800018965
:00000001FF
